label,nose_x,nose_y,l_shoulder_x,l_shoulder_y,r_shoulder_x,r_shoulder_y,l_elbow_x,l_elbow_y,r_elbow_x,r_elbow_y,l_wrist_x,l_wrist_y,r_wrist_x,r_wrist_y,l_hip_x,l_hip_y,r_hip_x,r_hip_y
forward,0.058126182713847445,-0.5035066930512497,0.4999810110776604,-0.004357586689953084,-0.4999810110776604,0.004357586689953084,1.2864981309365713,0.12850275954014034,-0.8274217772926611,0.39400115528837404,0.9849096225591022,-0.639655888346908,-0.9841771807232239,0.00024674845786852915,0.4187104675264848,1.406413647520893,-0.267244097707123,1.3923397937076814
forward,0.054056792029544276,-0.5037263299298658,0.49996579412264835,-0.005848479059517495,-0.49996579412264835,0.005848479059517495,1.2922337282057579,0.12278783438963839,-1.011485103467458,0.20016990476631596,0.9871703579967634,-0.6435371259140983,-1.0312469188159734,-0.6249357177227538,0.42332036914048693,1.4213856054722225,-0.26818526192663605,1.4144012727693078
forward,0.05835462407199191,-0.506000887906004,0.4999616602057136,-0.006191794921228538,-0.4999616602057136,0.006191794921228538,1.309704732381394,0.1194105058582131,-1.058841584377133,0.16770115269279898,0.9847445861018959,-0.6407838100473543,-1.0560351020391934,-0.6842624588879006,0.4266666366448492,1.4349366161368016,-0.27431000468142935,1.4285382244489215
forward,0.04631612464012426,-0.5060554599592526,0.4999688249000885,-0.005583379623902585,-0.4999688249000885,0.005583379623902585,1.3108051478670084,0.12416174440577507,-1.0672565221300416,0.17225173151636416,0.9821124687747064,-0.6438898052410662,-1.060845210516728,-0.688391454606749,0.4346719090277547,1.4426853830248443,-0.2740446602769103,1.4415137104064473
forward,0.05877571074943072,-0.504675297955039,0.4999998535191534,-0.00038272813472338976,-0.4999998535191534,0.00038272813472338976,1.2981855461878136,0.13297370908835024,-1.0189449074680934,0.1745250661488697,0.9857235304229802,-0.639115958773995,-1.0576307441913828,-0.6940579775713364,0.4331138461694554,1.439589531207847,-0.2748635778901438,1.4299973030964097
forward,0.060141842467466726,-0.5044147894222716,0.49999818315540695,0.0013479025529042478,-0.49999818315540695,-0.0013479025529042478,1.2924076506619466,0.1543835700599318,-1.0004216811070945,0.26363132559953784,0.9853938118346308,-0.6267025942673595,-1.0214679003890152,-0.3258048402678836,0.4145852040669465,1.4339962541298878,-0.2891471459146062,1.4223978370382973
forward,0.03783467015220453,-0.5038990443126681,0.4999995889496696,0.0006411319376163544,-0.4999995889496696,-0.0006411319376163544,1.3071551633970768,0.17146986957894286,-1.0124338397771817,0.2885175628214308,0.994941018628657,-0.6271898004089717,-1.1429294354412105,-0.4749160003535415,0.41606886509199636,1.4459411386844434,-0.29352267702827306,1.4423353149256704
forward,0.051263819236507496,-0.49704201672258375,0.49997579160357186,0.0049201433293885434,-0.49997579160357186,-0.0049201433293885434,1.2770448164613715,0.16456745503804604,-1.168405476694949,0.20153000722706133,0.9889798853851046,-0.6138397517444155,-1.078767621292934,-0.6375146018208112,0.4091278715296129,1.4091966208634867,-0.28596962225624145,1.4023957035557288
forward,0.04582163169868278,-0.4991218485726038,0.4999993964064671,0.0007769125874740165,-0.4999993964064671,-0.0007769125874740165,1.2794521420169058,0.14758470916883967,-1.1040282180638537,0.30729481359220157,0.9808946424285139,-0.6178560078177727,-1.0846760389698167,-0.605545686232994,0.43299608527980943,1.4239898414774796,-0.28454913643777835,1.4253067478293187
forward,0.048439414386257734,-0.4999886249912648,0.4999905370734116,0.003076172466137816,-0.4999905370734116,-0.003076172466137816,1.273777196025459,0.15692291974937148,-1.0553350874645762,0.29564503841791495,0.9744170653434315,-0.6175061791929103,-1.0319783274581835,-0.6452131761248435,0.4334732979050152,1.4344490715040403,-0.27968470733569345,1.4364611702554697
forward,0.04467811288756206,-0.4976876150053808,0.4999907045311924,0.0030488329573500174,-0.4999907045311924,-0.0030488329573500174,1.255212679062327,0.14896662880903058,-1.0349393322313165,0.3089960264441675,0.9593195820317223,-0.6137316722947292,-1.0276007183609617,-0.6383152691997557,0.4293718823812553,1.426659758709537,-0.28213887579577657,1.423555758425857
forward,0.030895979318416693,-0.49791103528658687,0.4999995522521269,0.0006691395016435808,-0.4999995522521269,-0.0006691395016435808,1.2628646992250783,0.1576935229656591,-0.8026429100960604,0.3577061490413963,0.9655987697765614,-0.6135726010424974,-0.8126050263708815,-0.001516592681138121,0.42724153280688826,1.397979322581942,-0.28315568941007857,1.3882092153067571
forward,0.04489266548629193,-0.48795944671780717,0.4999897463814303,0.003202110777757498,-0.4999897463814303,-0.003202110777757498,1.243320534500099,0.15965621534936827,-1.062716022101258,0.28791229911191324,0.9648620923801783,-0.5905272223505399,-0.9162087304914529,-0.5484885703914569,0.4192423876906917,1.366602344849154,-0.28844211400677566,1.3550621764793873
forward,0.06852256211467567,-0.49021552768000115,0.4999904096314022,0.003096817176183329,-0.4999904096314022,-0.003096817176183329,1.2491746511215818,0.17630422488021363,-0.9877461491412097,0.33834067903306175,0.9723964558033638,-0.5833528863622065,-1.1218870619865773,-0.3833385942280403,0.4245432740149657,1.3721488583317862,-0.28443696230503496,1.3628233722958656
forward,0.0650341057421537,-0.4902572573270407,0.4999629531469354,0.006086499864067382,-0.4999629531469354,-0.006086499864067382,1.2460505227392804,0.16272570877398534,-1.0986264216160155,0.11931385765129224,0.9673043326562938,-0.5818075981326012,-1.0167930188557817,-0.6439665773970615,0.4038316032533286,1.398548017643006,-0.3035477117417526,1.3777624915051019
forward,0.061367594599917745,-0.4925248114128429,0.49996253510154726,0.0061207429969023525,-0.49996253510154726,-0.0061207429969023525,1.257363910330713,0.16927701867441644,-0.8074111219491245,0.3659586571333734,0.9703215365137751,-0.5832245675091774,-0.7837074865625042,0.13986145630903093,0.40204009854522055,1.4096446425776479,-0.3014047276760417,1.3847925475456446
forward,0.037555923175101535,-0.49378311884677667,0.4999370217653201,0.007935632830583248,-0.4999370217653201,-0.007935632830583248,1.2300640269051983,0.1747799138565451,-1.0725553911327796,0.13204279791136117,0.9522970554470102,-0.5874591630745135,-0.9346516238057265,-0.5822970741426247,0.39280131756083086,1.4096601103446778,-0.29882622257814284,1.3848722192229632
forward,0.039851513262269024,-0.4943602133183444,0.49994534207125707,0.007392898028093111,-0.49994534207125707,-0.007392898028093111,1.2415974782467896,0.17680368438019042,-1.0963043240698664,0.15824050469173165,0.9568195445692428,-0.5943055755411722,-0.9611560381770432,-0.6649224755925999,0.40165313591106755,1.4042364957440285,-0.29660561979978894,1.3950450361515223
forward,0.04880711735455613,-0.49485783570536745,0.49996071396568,0.0062677341143003214,-0.49996071396568,-0.0062677341143003214,1.2446957952422582,0.17688549913919532,-0.7916361821470892,0.49024212826382096,0.9630627995597419,-0.5973714459566078,-0.8145248171620075,0.49344668405158354,0.4292715559081873,1.4130800528468508,-0.27738368639444705,1.403863326531158
forward,0.057750784098711594,-0.49653170322485485,0.4999421517483495,0.0076055838191610246,-0.4999421517483495,-0.0076055838191610246,1.2495290848583613,0.17207105629409408,-1.0880606508153847,0.17349195416797922,0.9650990527916362,-0.5966738517360779,-0.9787771904162399,-0.5948364762522188,0.42912776432056043,1.4154411377743668,-0.2755688998262131,1.4079119016208643
forward,0.05836205667676077,-0.4945353134003057,0.49997409958711975,0.005089178916964735,-0.49997409958711975,-0.005089178916964735,1.254836124669165,0.16638020311602078,-1.0903620603981317,0.18005880832504015,0.9694330453997103,-0.5954977357723071,-1.0250458488545369,-0.6287636608329875,0.43058719884530816,1.4235348692102348,-0.2757365523562178,1.4206406797802886
forward,0.05836079770074117,-0.4926043619403093,0.4999394615909938,0.007780407708293148,-0.4999394615909938,-0.007780407708293148,1.2498038548232369,0.18256518147252743,-0.9365682847859725,0.3009570884948484,0.965029373819138,-0.5916719024135031,-1.0384689107688336,-0.5786203831253911,0.4289914214524219,1.4296940919946948,-0.2769277189159115,1.4214279492623678
forward,0.061431208515961115,-0.4911582361055028,0.49987830812954553,0.011030732593219277,-0.49987830812954553,-0.011030732593219277,1.2460422100117807,0.13143450438931442,-1.0923783599247745,0.16017485304439744,0.9403046954422251,-0.6003686249744128,-1.0188938108955814,-0.6783964201909443,0.4071484869641123,1.4291237383646471,-0.2932207331952739,1.4262261720317595
forward,0.05471865854657098,-0.48420030812782544,0.49993824069736725,0.007858466034876183,-0.49993824069736725,-0.007858466034876183,1.2314745625377652,0.1399908595113053,-1.0744027713598894,0.19517751695640248,0.9390767787604483,-0.5931790508441055,-1.0079071258246433,-0.6392263640826722,0.4192993678159377,1.4234608603008692,-0.290983001240278,1.4273504460692146
forward,0.047081975448737566,-0.484840863597791,0.4999664296014988,0.0057938995097895326,-0.4999664296014988,-0.0057938995097895326,1.2446592959960072,0.13280648038727005,-1.0725719604864734,0.1801949055479827,0.9361782340566368,-0.6035127372773172,-1.014322338377529,-0.6200263444193294,0.41326233372429955,1.4206423491491325,-0.2934361855219993,1.4232961929731585
forward,0.015985766409688264,-0.48583769674245164,0.4999891650401088,0.00329163219312596,-0.4999891650401088,-0.00329163219312596,1.2521199648412413,0.1373512667921728,-1.078022293912674,0.18289299527543104,0.9424558317017857,-0.6047275689737878,-1.0213923131720137,-0.6409434387949242,0.4160708987273527,1.4312066778692243,-0.2918681857800286,1.4353297610073983
forward,0.010671902577124774,-0.4903644477469262,0.49999544678669605,0.0021338211200065396,-0.49999544678669605,-0.0021338211200065396,1.2613172400364683,0.13028444307603912,-1.1201028768947914,0.13606052667981053,0.9479210060210745,-0.6078145309447192,-1.0172502171405415,-0.6559638689533803,0.4445356424560146,1.4371832258998636,-0.2820294638838449,1.4520510221742047
forward,0.034852749270482083,-0.47753645130026573,0.4999919701181425,0.0028336932400122345,-0.4999919701181425,-0.0028336932400122345,1.2323106936257142,0.12771761768862072,-1.1075258548471414,0.16917807719501785,0.9315572894758561,-0.5911225497503474,-0.9611613564749315,-0.6382882674231527,0.43347499762576086,1.3913845731353036,-0.281983469675069,1.3896264189754124
forward,0.058128171166254114,-0.4787514290262222,0.49993760016985345,0.007899109849073395,-0.49993760016985345,-0.007899109849073395,1.2246980798252287,0.15239325776081505,-1.118848029302238,0.1955134293903477,0.9285907619867796,-0.5889616379380935,-0.950976044996472,-0.6362298571990082,0.42726336959552824,1.3889297940053236,-0.290129659413841,1.372912699449404
forward,0.04841217440207101,-0.47426387022507766,0.49993961500309875,0.0077705437746280115,-0.49993961500309875,-0.0077705437746280115,1.2020901538175792,0.1546031780828372,-0.9912233061191648,0.272725205839142,0.9109039750814285,-0.5829480659175516,-0.9483976027490126,-0.6283175856229913,0.41409507891075836,1.3749920549588435,-0.28522301781450043,1.3602137151313343
forward,0.04109190854445306,-0.4779968467163026,0.4999634472076888,0.006045780032763722,-0.4999634472076888,-0.006045780032763722,1.2141794212391015,0.12691597952556452,-1.05973705635371,0.07703945049982214,0.9247433236877869,-0.591769444291705,-0.9810381438626512,-0.6730070596665783,0.41836544183678115,1.4038263048183695,-0.29360474459892577,1.4044081185939195
forward,0.03165294887550088,-0.4866544035048541,0.4999621292687986,0.006153803458764092,-0.4999621292687986,-0.006153803458764092,1.2303916128388594,0.12656193068651897,-1.0958172931822656,0.08894786066053136,0.9373638925514072,-0.5973035455298651,-1.000070056170689,-0.6793084171648921,0.4193051669720588,1.4217525393248616,-0.2953424105404931,1.4237567409863612
forward,0.040691299175609104,-0.4930144183822609,0.4998420094258787,0.012568437178097806,-0.4998420094258787,-0.012568437178097806,1.2380428069110154,0.13458881096492056,-1.00735936519276,0.09828303921577294,0.9422923958998244,-0.602850505302678,-1.0084047208928846,-0.6522981890127506,0.40701847287397297,1.4154148032233895,-0.2950255673858474,1.416953983237075
forward,0.05174098437517425,-0.48720587799796955,0.49993591565913814,0.008005013058020686,-0.49993591565913814,-0.008005013058020686,1.2422868799631974,0.14453825411832935,-1.1168748217406184,0.028929398065626222,0.9529347244758183,-0.5979983240465093,-0.9896469263467362,-0.6669434671556845,0.4262366221763324,1.4252011437933771,-0.28346655403048704,1.4316245196409678
forward,0.04256488299234556,-0.48852225921294296,0.499977455152783,0.004748087925346951,-0.499977455152783,-0.004748087925346951,1.2396975181352998,0.14556018604811247,-1.1518513800217216,0.06617365425137123,0.955176464362887,-0.5980828798497898,-0.9902026284513734,-0.669341311372604,0.45121524033608845,1.4129827374095538,-0.2705457559620774,1.4229278899273565
forward,0.050404956368747506,-0.4889708803926375,0.4999733425758778,0.005163013994169342,-0.4999733425758778,-0.005163013994169342,1.2485627017224485,0.1575015738565186,-1.1524189027807312,0.06416240140318574,0.9591823536859437,-0.5429056938885066,-0.9774934866454641,-0.6698323152931174,0.4612533312618213,1.393838111227914,-0.26577638645027146,1.3996087190410789
forward,0.04660469075108969,-0.49144189407918976,0.499972047567391,0.005286932122739269,-0.499972047567391,-0.005286932122739269,1.2528202842663025,0.15661186787233436,-1.1397293219764526,0.18066874096243568,0.9661161868027769,-0.5502422361101461,-0.992224963852822,-0.6596741684245134,0.4484021711426615,1.403564293825903,-0.2719088225741379,1.4117339892931273
forward,0.038540333362000266,-0.4932861420883328,0.49995136307879084,0.006973847980780726,-0.49995136307879084,-0.006973847980780726,1.2556726565771705,0.15690829425784614,-1.152511942886167,0.1503550523767691,0.9686494018783455,-0.5562578348832505,-1.004751459057836,-0.6750392020553051,0.4523030752815124,1.4168011425063178,-0.2762678807437391,1.4219853612447828
forward,0.05266785710575595,-0.47822238960186114,0.49998438218063,0.003951907824548937,-0.49998438218063,-0.003951907824548937,1.243416207693674,0.14373577762056974,-1.1059971371612347,0.17184000360558285,0.9522933879302118,-0.5618139907798624,-0.9601880274518833,-0.6494223583194495,0.4383955496037782,1.3766430948952249,-0.26803219808386863,1.3773189583898526
forward,0.04343593898834307,-0.4894869737410282,0.4999653113482577,-0.005889605117467514,-0.4999653113482577,0.005889605117467514,1.239645983523547,0.13767767897351862,-1.0430658892769435,0.25646310831637703,0.9521711327851583,-0.5700541407602747,-0.9623271785636212,-0.6160903855606793,0.43925105345748877,1.3822274248007544,-0.2689487797591275,1.3873770958669898
forward,0.03388266846378302,-0.5003003343975073,0.499960895370213,-0.006253247205646733,-0.499960895370213,0.006253247205646733,1.2432108007564078,0.13746381221196113,-1.0600132959408737,0.1524933791693241,0.9521757758990439,-0.5956256829625383,-1.004441401093222,-0.6374418672621509,0.4271724832696781,1.3984100035394187,-0.28240577108171044,1.408936225198384
forward,0.031525686049313786,-0.4972027705206642,0.49999164633216603,-0.002890259166610788,-0.49999164633216603,0.002890259166610788,1.2492024732315623,0.13977805460395987,-1.0485639581803001,0.11536895724458084,0.9582686494927566,-0.5992673767402836,-0.9998553373121905,-0.6791840277310045,0.42522257923943546,1.3987673630357853,-0.2892268374897061,1.3989331444640811
forward,0.03410430901022423,-0.4979944242527784,0.4999955253420743,-0.002115333993276964,-0.4999955253420743,0.002115333993276964,1.2464659217813718,0.184602095034151,-0.7428357638609493,0.5463616152399131,0.9602645547028864,-0.5912366304408158,-0.6618117014565085,0.5452882319585401,0.421289064120365,1.4082314132383333,-0.28894999951686845,1.3937187448002795
forward,0.03556637855895812,-0.513444018359188,0.49998532688238134,-0.0038305224602269332,-0.49998532688238134,0.0038305224602269332,1.2473411006893078,0.14129223722870873,-1.0595855309188893,0.21208559040036534,0.9471512236362348,-0.6029447524174824,-0.8475685956316437,-0.5134618518554714,0.4248687167500267,1.4065559439694124,-0.2849663042935763,1.3943055440077923
forward,0.036861671918072304,-0.5064208126863932,0.4999999841847523,0.00012575868730666258,-0.4999999841847523,-0.00012575868730666258,1.2515272154479349,0.15466296027872092,-0.7883109222312029,0.5480345783963865,0.9482301826860354,-0.6011556097232895,-0.8365741389178293,0.7356174464322294,0.41724122199308267,1.4204676233602902,-0.2893423993714972,1.3987104197032751
forward,0.046669051800254976,-0.5154939619928414,0.4999989580846562,0.0010207420135353823,-0.4999989580846562,-0.0010207420135353823,1.2844762422924023,0.12933274293166666,-0.847202933477856,0.2907993498966529,0.9652770097318544,-0.6189372559219594,-1.0289689978472343,-0.35672392307646955,0.3919426591175415,1.417564125012236,-0.2893980401543292,1.396985282530017
forward,0.03804414596650661,-0.5107236527578678,0.49999916188292476,-0.0009154869594005219,-0.49999916188292476,0.0009154869594005219,1.277393898035235,0.1370061801087923,-0.8222509235161636,0.4536326964656686,0.9560246451259812,-0.6079297510531025,-0.7925143797235671,0.013976891748379742,0.4044675240818227,1.40402244772529,-0.2942680743504602,1.3890901256145434
forward,0.06157735952408782,-0.5016047019853287,0.4999907396446933,0.0030430691008412887,-0.4999907396446933,-0.0030430691008412887,1.276693493992683,0.14043910817990493,-0.809139565814548,0.4953662403052596,0.9748042674277451,-0.596627697529263,-0.8506700976599305,0.7092702558601923,0.3965422978133362,1.3939077039511207,-0.2932304171822169,1.373662021618891
forward,0.07219584622702377,-0.513478926542147,0.4999972131216553,0.0016693922780379334,-0.4999972131216553,-0.0016693922780379334,1.278873249997986,0.14089770184852385,-0.9114092589130356,0.35937464442786177,0.9738434609940491,-0.6027311883955556,-0.9941856313938446,-0.4945998203434233,0.39534779841795153,1.3978901236584464,-0.29356369636855767,1.3745731916263129
forward,0.05911562475334408,-0.5182469842646803,0.4999978650798978,0.001461135019190837,-0.4999978650798978,-0.001461135019190837,1.2962789276585884,0.15666151029216413,-0.8999085258725101,0.3619110616880988,0.9849696283841985,-0.6005909599679551,-1.0782843982968482,-0.36015583738174856,0.3930256181750454,1.3909767473774872,-0.30406142327481617,1.3752745803234654
forward,0.06436745869681205,-0.5120599832591752,0.4999642389050285,0.005979951180037185,-0.4999642389050285,-0.005979951180037185,1.2317289285771096,0.19844432176156518,-0.8716896535440057,0.43829832212819314,0.9775763749992279,-0.5923480621766383,-0.8975865892513765,-0.10811611021540096,0.39358731903912547,1.3918293661677608,-0.2979177815478631,1.3569595002149644
forward,0.06411838285929211,-0.5132944236747271,0.49997361558859493,0.005136508081171414,-0.49997361558859493,-0.005136508081171414,1.248561674470274,0.18145238499072905,-0.8959429668805913,0.3724549657322051,0.9882293055711843,-0.6018980094667069,-0.9155751306005542,-0.10505926938336234,0.3812271515674546,1.3925233076113643,-0.3047874747579244,1.357745914512471
forward,0.05544090038859989,-0.5073675905825854,0.49997453955964416,0.005045769725410658,-0.49997453955964416,-0.005045769725410658,1.2608405185350489,0.16479760163945523,-0.86514043183364,0.3774705514937842,0.9868134812736954,-0.6046967865687006,-0.7788427846454847,0.8646308510146916,0.3819519631647901,1.4064279110378097,-0.30240418244494577,1.3831277275550131
forward,0.047436264846508244,-0.5079166144978334,0.4999900275670014,0.0031579001803733343,-0.4999900275670014,-0.0031579001803733343,1.279800714049921,0.1288148877512778,-1.144136117195355,0.09217155541177137,0.9897483627344671,-0.6166439412571361,-0.9307543882881982,-0.6432782661738513,0.39084801975754674,1.401404010192102,-0.2885796848553901,1.3948484515212227
forward,0.03907250766489395,-0.5018887100873455,0.4999888956513289,-0.0033323003112666724,-0.4999888956513289,0.0033323003112666724,1.2962444575268433,0.13080294391689226,-1.0969754067401767,0.15012784811431687,0.9725076553431615,-0.6386465495943444,-0.9577446190118755,-0.7141212557272618,0.43628896430427383,1.4074041235828083,-0.26868048809002776,1.399926986986246
forward,0.044606865818256076,-0.49977315658032606,0.4999898585035838,-0.003184555473883228,-0.4999898585035838,0.003184555473883228,1.2957473112254558,0.11582051226463275,-1.078740087665044,0.17029930689338454,0.9717177174070306,-0.635330743456675,-1.0120376215397384,-0.6848298210243234,0.42145956113162053,1.401332297431845,-0.28266124308647017,1.3939038691017542
forward,0.04445733934548874,-0.5031031089576924,0.49999493659042016,-0.0022501964229211507,-0.49999493659042016,0.0022501964229211507,1.3098844673241317,0.11668534843304944,-0.6584264191750503,0.45563131825434516,0.9807175310043104,-0.6423107001990354,-0.5641827940319608,0.47735707110079867,0.4074135601340594,1.4169640801798524,-0.28696991000382027,1.4009005421261982
forward,0.03741720963406093,-0.5160954606991109,0.49999190830155016,-0.0028445795777647573,-0.49999190830155016,0.0028445795777647573,1.3339512140473402,0.11859625004813665,-0.5038387879345386,0.5278696806051842,0.9974982631434846,-0.657687065103939,-0.2954353415373272,0.6236440575923924,0.40477246391623917,1.4577393257689935,-0.2974357388707574,1.4392760593574918
forward,0.04072919267671324,-0.5060240261477825,0.49999197248382693,-0.002833275795271502,-0.49999197248382693,0.002833275795271502,1.3537472181904784,0.12106260017752449,-0.6354808806449026,0.3718090994934539,1.007407345126476,-0.6659776726803337,-0.4900550877510158,-0.06732978908833312,0.4199595968084008,1.4359481726418866,-0.29026467111455706,1.4192199643231034
forward,0.03290033349981619,-0.5146554979764065,0.4999720792128525,-0.005283938642444573,-0.4999720792128525,0.005283938642444573,1.3698690320172622,0.09472639007094308,-0.3324442137619384,0.4917932668105752,1.0042201618530693,-0.6971439725733758,0.23922068144430828,0.23977539014347263,0.43246331605815497,1.4267451535780389,-0.28069796629905297,1.4078962075679626
forward,0.025799249224859346,-0.5125453897997135,0.4999967018492722,-0.0018160781508412415,-0.4999967018492722,0.0018160781508412415,1.343333912564328,0.0841696881720838,-0.803127643352389,0.3707173781919593,0.9787155106899339,-0.6984316681250562,-1.1211012472962423,-0.4726136543592499,0.4275797199262286,1.4112879553006314,-0.2809284645506374,1.391948818854129
forward,0.024457395836242395,-0.5088245001255131,0.49991697548874714,-0.009111400451267118,-0.49991697548874714,0.009111400451267118,1.3207237645194412,0.09223939708324178,-0.49095101800468005,0.5551638714074478,0.9834496908098236,-0.6958249457659408,0.02562919772635827,0.24625976071555938,0.44048600423043166,1.4172693602560211,-0.27601039162980784,1.403426920923134
forward,0.023398985538639495,-0.5073736679382435,0.4999795154948288,-0.004525934771544332,-0.4999795154948288,0.004525934771544332,1.3235050769311607,0.08578563787411311,-1.0121971771847005,0.1421261025222204,0.9718658160949204,-0.6955333126681278,-1.2038093848374665,-0.5729432689463211,0.43629070204870096,1.4123679721784792,-0.2776180139911614,1.3972475296277223
forward,0.02279032271554104,-0.5026089855090821,0.4999819313751738,-0.004250682104197904,-0.4999819313751738,0.004250682104197904,1.3243050588224303,0.0875658866684252,-0.926462574977739,0.16084933617042455,0.9722236937337452,-0.6905895419195553,-0.9155823021466676,-0.389041987649292,0.43564285116529117,1.4122054881455435,-0.2766227404455717,1.397370160242168
forward,0.02314446631864477,-0.5088085675210411,0.4999732944008038,-0.005167677041689565,-0.4999732944008038,0.005167677041689565,1.3412539644013182,0.07305604770851058,-0.5131678387663351,0.43629976872361004,0.9785443145828177,-0.6965325321054,-0.1777394324427271,0.14657923685226917,0.4493807807783631,1.41964426336491,-0.2626024613726099,1.4042961131004323
forward,0.024816685257007635,-0.5074891301612758,0.49996428804855503,-0.005975841037165986,-0.49996428804855503,0.005975841037165986,1.3370772714912253,0.06444406581954845,-1.1230566003982458,0.22198518488412475,0.9662333372009627,-0.7092789287555434,-1.0481522798718872,-0.6687392812361468,0.44914421980699193,1.4090372883478135,-0.26308081745344514,1.399712455949459
forward,0.023638849916044254,-0.5047055623585684,0.49999946024709374,-0.0007346785793427472,-0.49999946024709374,0.0007346785793427472,1.3260062762641396,0.05144555360389424,-1.1586682658990028,0.1772620440871579,0.9364991048687319,-0.7148080943173452,-1.0750552783457599,-0.7247356133467548,0.4443039533496175,1.3883800375086746,-0.2656997868827126,1.3781721512974545
forward,0.026908971148986795,-0.4966792293852627,0.49994803744567623,-0.00720831840422673,-0.49994803744567623,0.00720831840422673,1.3361062428992667,0.04565841063136746,-1.173685929664038,0.15233081498234285,0.9460243814813489,-0.7068082586209387,-1.089382858538642,-0.7418235456206035,0.45008725707824704,1.4003726851865963,-0.26296098775698307,1.3929577530347246
forward,0.011813242764017285,-0.4930658749140907,0.4999992872099005,-0.0008442686725350767,-0.4999992872099005,0.0008442686725350767,1.3015797802727749,0.03218722596133576,-0.995922340784426,0.16232946831519823,0.912139384063979,-0.6949909442759098,-1.0420607360758247,-0.7041703961604848,0.4080335323776147,1.3910504153641217,-0.2916040946869682,1.3684167070256767
forward,0.02367288735506577,-0.4941025888212229,0.49999997971010945,0.00014244258551066459,-0.49999997971010945,-0.00014244258551066459,1.319613817344932,0.04745384337336343,-0.9264281797281767,0.16718681074630906,0.9255162066600233,-0.6780790776894573,-1.1373768814948517,-0.7001901473176444,0.4121725007957984,1.4056335715827855,-0.28938615116512695,1.3945982655779823
forward,0.017354020425898162,-0.49521119756304716,0.49999081967291564,-0.0030298915501963055,-0.49999081967291564,0.0030298915501963055,1.3272271440557621,0.058795882357850604,-0.6739837484496785,0.3091373156584269,0.949257451578252,-0.6669859429230784,-0.46179494618728123,-0.155576506217646,0.42524085966885333,1.4232395696113156,-0.28676210155968773,1.411348001416706
forward,-0.0008825422966585259,-0.4988079896611567,0.49997142999277494,-0.005345015526612057,-0.49997142999277494,0.005345015526612057,1.3259535146438073,0.034364292119507665,-1.1233222143424866,0.1283174580364853,0.9213117091309886,-0.6870902711765855,-1.033355870235894,-0.6921799353382209,0.41767334378566195,1.4220179689284376,-0.2934254970141834,1.4074808704519424
forward,0.0065360897814496725,-0.5052458578742097,0.49996230816458626,-0.006139251969035395,-0.49996230816458626,0.006139251969035395,1.338365450616281,0.035901116910018134,-0.6565837946410288,0.3523531219024872,0.9278470564125982,-0.6956261812167845,-0.5391806296547573,0.18549360083345207,0.4226101178517105,1.4381295512983703,-0.2740985103808833,1.4251052314654915
forward,0.023959662782239932,-0.5074817654216904,0.4999868588775306,-0.00362504479700228,-0.4999868588775306,0.00362504479700228,1.338720519027372,0.022871569130051922,-1.1353846245288992,0.0387284896705813,0.9390504288594756,-0.6948757655509512,-0.9801846542990363,-0.7394464612159567,0.4255953510901503,1.4392786212813669,-0.28235974699331434,1.385457353301717
forward,0.024489385146797233,-0.5085088161360792,0.49999423523930353,-0.002400984686326188,-0.49999423523930353,0.002400984686326188,1.3405579790680162,0.013981556064411243,-0.8469772832741165,0.05132156324262006,0.9374755383968659,-0.6986391110603243,-0.9821150382341391,-0.7510421773327206,0.4263237516046052,1.4422702828864757,-0.27751729044403967,1.4128225140929191
forward,0.02491225987074247,-0.5065391665034285,0.4999957048597411,-0.0020724675656446766,-0.4999957048597411,0.0020724675656446766,1.3430790302312052,0.00206825163033002,-0.5745776446658666,0.31852795017057267,0.9359758813680422,-0.6982258639886154,-0.3391661193058092,0.0029832054103222077,0.42510723674659645,1.4395552110925012,-0.2800773585142001,1.4114673085922949
forward,0.025292341945264654,-0.5063854529154876,0.49999703169615206,-0.001722874063041396,-0.49999703169615206,0.001722874063041396,1.3432635024336812,-0.0066044543500831535,-1.0680376770307858,0.11135372218016604,0.930851285275707,-0.6939325872362235,-1.0699836249653736,-0.6195645949141361,0.42145544468955054,1.4390254482364127,-0.2802531165614913,1.4278652514200565
forward,0.02070913649870668,-0.5105263158851117,0.49998091275370743,-0.004368853621905589,-0.49998091275370743,0.004368853621905589,1.3452947637078105,-0.004136792247815953,-0.7940228139329777,0.24764008130992704,0.9379720193836589,-0.6996154460152678,-0.8003935764060739,-0.1318205778124253,0.4211527384572707,1.4471140434185632,-0.2858916166600872,1.4328607414592418
forward,0.019749063343927772,-0.505490022051111,0.49996647986131393,-0.005789560871634172,-0.49996647986131393,0.005789560871634172,1.3427261040077225,-0.005123835181156022,-1.119313695949087,0.2176207915905169,0.9256100037721666,-0.7023233492248898,-1.1809223296604168,-0.4966723438919024,0.4211963634004134,1.4465941269280649,-0.28425648768684747,1.4462488506232265
forward,0.03256999968446218,-0.49827182145597,0.4999644284826488,-0.005964080148548031,-0.4999644284826488,0.005964080148548031,1.3354408270684255,0.005850894264798295,-1.1731086564361448,0.1256398887749824,0.9260680734222206,-0.6918887991108621,-1.1463461878672956,-0.6978934857625492,0.4281402529303434,1.4311733094481085,-0.27663279355152426,1.4352166925106786
forward,0.025726431509428153,-0.5000243059216496,0.4999935351370459,-0.0025426012584760776,-0.4999935351370459,0.0025426012584760776,1.3263047596249287,-0.0029751856322151353,-1.1146238485561086,0.07701101483354715,0.9179523263230318,-0.6953486571953863,-1.0987117241867759,-0.8078982056486469,0.4209431168109693,1.4239575592967542,-0.2933517962601521,1.4240357133140913
forward,0.0234284408963516,-0.4955831207298618,0.49995998081502635,-0.006325945260471039,-0.49995998081502635,0.006325945260471039,1.3290888660277953,0.011262031932275027,-1.1408602919280617,0.05753995676340031,0.9182623906798203,-0.6826800828283738,-1.075777725406856,-0.8208504588658345,0.4209530561949097,1.4296889762620097,-0.29318816889221966,1.4316546502666438
forward,0.022157622812520733,-0.4964941212761112,0.4999782812160836,-0.004660291000650755,-0.4999782812160836,0.004660291000650755,1.3302600719969064,0.013755289762487284,-1.12187315587255,0.056881536188475315,0.9178021283759934,-0.6894232661769726,-1.0872227897041045,-0.7740336707367318,0.4210394863501847,1.448641363434121,-0.2940698535259999,1.4459311540832949
forward,0.02393166774030089,-0.49641255015352165,0.499978548481236,-0.004631528753695448,-0.499978548481236,0.004631528753695448,1.3293113447225826,0.01816698691684103,-0.8190505265878519,0.16877570105569886,0.9216189266842553,-0.6872228223704024,-0.8513711209523541,-0.360380675891625,0.41983405453304223,1.4504538475246165,-0.2930470999958122,1.4474097868623184
forward,0.02266083594852187,-0.49705314717067356,0.49996619252193936,-0.005814321552430433,-0.49996619252193936,0.005814321552430433,1.3262303798150687,0.018248389351394948,-0.8958472576507125,0.17816983219296834,0.9211902656228154,-0.6837955717299601,-0.9153916519836708,-0.7775428389959789,0.42134361875370563,1.448005817813179,-0.298758749207986,1.4456584616111665
forward,0.0019003184696368897,-0.494329907698088,0.4999162520110603,-0.009151009518845142,-0.4999162520110603,0.009151009518845142,1.327385247374949,0.023671019722540907,-1.0928024196298638,0.11375058970456378,0.922061171405822,-0.6799983727312628,-0.9912819939229802,-0.7979050044293283,0.4222009715313677,1.4512418149470674,-0.2989094302640585,1.4520766813140764
forward,-0.0030962483471483806,-0.4929420615972782,0.4999871846194314,-0.0035798346797870505,-0.4999871846194314,0.0035798346797870505,1.3304712179428442,0.017122376630753416,-1.0946696123433246,0.10161450241542191,0.9262812688859126,-0.6893510918287991,-1.0543342397874804,-0.7871770060824654,0.424231797918674,1.4200169613189584,-0.2985923726720625,1.4235637589438959
forward,-0.007824352537235079,-0.4880666688227854,0.49999822003316,-0.0013341527917289046,-0.49999822003316,0.0013341527917289046,1.3144486649869844,0.016434938517345406,-1.1358389755351497,0.08518241081778712,0.9155218538111562,-0.6739865669584592,-1.0408551127866814,-0.7950941980446793,0.41429830853359373,1.3978904774035972,-0.3029637491553764,1.400276249931496
forward,0.003130357296963982,-0.48174310695826583,0.4999828785845867,-0.004137767788371147,-0.4999828785845867,0.004137767788371147,1.3192618684604784,0.03303363296150696,-1.2067010502878233,0.013035647316714855,0.9314670260507506,-0.6660862555332868,-1.0407219444112747,-0.791673532330921,0.41182088827479896,1.3941576408501632,-0.30143254530896546,1.3989329716860177
forward,0.00013303008881949548,-0.4756517450442826,0.49999965074847563,0.0005909749591798655,-0.49999965074847563,-0.0005909749591798655,1.3017665154232116,0.048268809320077134,-1.191623373161052,0.05692286501381505,0.9236656068362565,-0.6688402073720976,-1.0498803325239139,-0.7966400603698441,0.41636375016366656,1.389562336223811,-0.2988317497316478,1.3950023700244687
forward,0.005635176591854819,-0.4759223879558127,0.49999393780570944,-0.0024621449064549817,-0.49999393780570944,0.0024621449064549817,1.2759269511535023,0.08133643974322712,-1.1580831755501098,0.15086075882960434,0.9332713658134906,-0.65143504673796,-1.1345294058432445,-0.6578471942357682,0.4218308225951649,1.3929238647092568,-0.2943656959397256,1.3894670535480131
forward,-0.007118359794949231,-0.48442303825010496,0.49998917923321795,0.003289475595457351,-0.49998917923321795,-0.003289475595457351,1.2266318951465416,0.19883195034076606,-1.2280937067702877,0.06215689211451497,0.8851382635346059,-0.6376892265907662,-1.1200960798960444,-0.6682383649669221,0.4272804959540603,1.3895971155246534,-0.28638516821930704,1.3913858639219947
forward,-0.035075662941736425,-0.5199758940534213,0.4998476152758601,0.012343480183310248,-0.4998476152758601,-0.012343480183310248,1.0936522386741636,0.29922823617570565,-1.255965388010831,0.0846098092384459,0.7990087610847972,-0.5739562916945439,-1.2021966676072922,-0.6630221794024057,0.4796734551367195,1.380334962272336,-0.24392796396974536,1.4005932507505634
forward,-0.04203792277754701,-0.4894916047143041,0.4999913350230906,-0.002943620530486651,-0.4999913350230906,0.002943620530486651,1.0461685064501247,0.397808118512697,-1.2802307588319073,0.04877801469980407,0.7571391914790417,-0.1651398874878657,-1.1427636543569997,-0.7929868134345114,0.49109786963787044,1.36939054432219,-0.2356303564057486,1.4098932284611716
forward,0.015140987956392354,-0.4993297785758749,0.49999939428799345,0.000778274784199421,-0.49999939428799345,-0.000778274784199421,0.7831601478908444,0.39902898272712906,-1.2199081561905232,0.09789445048006738,0.41530118440300684,0.27784448016903207,-1.1067345595142872,-0.7742357100638534,0.4411081625879296,1.321015335172028,-0.28088885585343054,1.384162706999497
forward,0.006347744828947589,-0.4978219244530734,0.4999997844820663,-0.0004642390410710748,-0.4999997844820663,0.0004642390410710748,0.8840338908937071,0.5401309476281495,-0.7127318486503387,0.5873286794073543,0.2819675220175123,0.4990798980893711,-0.5082929180505484,0.4161600322033642,0.44874573063680606,1.3317449518723532,-0.2847253903719911,1.3753082071415486
forward,-0.007761869062062743,-0.486045012591982,0.4999899890475448,-0.0031639930840537496,-0.4999899890475448,0.0031639930840537496,0.8375068913810485,0.6163930277461009,-1.0927116363394598,0.3179008952355775,0.37409351566935756,0.42695988941508173,-0.9995986773450835,-0.5599933594752752,0.4340909528398473,1.3402710845396593,-0.29562383554470417,1.3781825904543967
forward,0.0011141345025894756,-0.49448111406536366,0.49995188811311114,-0.0069361064103112225,-0.49995188811311114,0.0069361064103112225,0.8155300321577746,0.6589294282588579,-0.6025879742893572,0.723281263162013,0.3309052947306865,0.49842462637373786,-0.30330745094860573,0.489332531611858,0.44037573037645955,1.3648358301962444,-0.29488674129663456,1.3873344275685275
forward,0.012058888396307497,-0.48638110060714534,0.4999601370319707,-0.0063135868547996125,-0.4999601370319707,0.0063135868547996125,0.740152455111442,0.6859094242923632,-0.6452520578155475,0.5909939170496414,0.2505347676641115,0.45966026251997133,-0.567741269959417,0.009901197579600795,0.4170585719544438,1.3405443754783055,-0.32724700868297885,1.3393515421442128
forward,0.03276008730343759,-0.47990652698428243,0.49995571256392,-0.006654733255583455,-0.49995571256392,0.006654733255583455,0.7131921479162209,0.7849309538730591,-0.8140990045974358,0.5390911271287601,0.2647788758500975,0.47074488217767,-0.6295810617998414,0.593855870251101,0.37876445650676493,1.3362809712039396,-0.34022248761384416,1.3372825123345182
forward,0.05060465357214289,-0.4611798947267487,0.49992657064874907,-0.00856877817318694,-0.49992657064874907,0.00856877817318694,0.6872548778076265,0.7493792075271088,-0.786183527895403,0.7632158399772807,0.3157674315739222,0.406486842246849,-0.28927424310377436,0.3463479333574521,0.33898392257488963,1.3003491128608893,-0.37544502849467576,1.279428022802822
back,0.04071789212391483,-0.5281708886621188,0.4996942384634366,0.017483364849084138,-0.4996942384634366,-0.017483364849084138,0.8908237868201374,0.532557697222775,-0.8878908885952692,0.6793158492927704,0.3186107934880731,0.02888219037147358,-0.6610006367492834,0.6940841771612117,0.3647564520900714,1.287711398283482,-0.3401943818378388,1.283924491817986
back,0.03829418180137239,-0.5444620539462439,0.4997573503105511,0.015575326981388795,-0.4997573503105511,-0.015575326981388795,0.9020438298322989,0.5274164116600377,-0.8690031659069951,0.6880061494264506,0.34480407896212095,0.03191309384113999,-0.5745068616264642,0.3560079853570258,0.38783327626518277,1.3328712326566035,-0.3333861788331027,1.3276826676585909
back,0.03098418818262957,-0.5390738689158601,0.4998208718995564,0.013382675874700364,-0.4998208718995564,-0.013382675874700364,0.9135372004680178,0.5062740024953584,-0.9143123096308684,0.5021001281588123,0.3424424984845126,0.028247834164108702,-0.5627942913155359,0.12118762961166223,0.38795004068787814,1.3313938084780956,-0.3251746211487009,1.3249553443313118
back,0.04529904949683618,-0.5332907510601487,0.4998617495327266,0.01175718308446666,-0.4998617495327266,-0.01175718308446666,0.9106801197212909,0.5726632085989845,-0.8703667254000454,0.6643285503575308,0.38561351075327444,0.07858072765654472,-0.5424996579416382,0.4263702051159388,0.39105640306937167,1.3102447102659631,-0.31521242131164184,1.2975209945377975
back,0.04382486910861454,-0.523564493098238,0.49974214106907494,0.016055916034185644,-0.49974214106907494,-0.016055916034185644,0.9133510105331233,0.548494223557384,-0.9395833650507381,0.4760007364639392,0.3605763578703202,0.04230643678816138,-0.6745335813104967,0.4042616175199232,0.3726220413371056,1.3031158168308137,-0.32416340154337453,1.2808407864074047
back,0.04919330622589855,-0.5238178909940235,0.49970505091864204,0.017171548747780218,-0.49970505091864204,-0.017171548747780218,0.9186758021277139,0.6034074308021802,-0.9020540214488088,0.5029058507022863,0.3558795948565765,0.04648736391521473,-0.5125662263840967,0.2165963283771899,0.37258817311337894,1.300229803381306,-0.3223786675524062,1.2787542131232288
back,0.04756419421005537,-0.5207882212746895,0.499668856604393,0.018194332624709496,-0.499668856604393,-0.018194332624709496,0.9073574958472709,0.5723657179980138,-0.9217526083222887,0.5045543100292295,0.3498466315357551,0.04343528102030354,-0.546261664268585,0.30406709549012767,0.3660171573068937,1.290927214771181,-0.32668384096201913,1.2687575334159054
back,0.03318405719702381,-0.5201661988325077,0.49976863693090123,0.015208863870422433,-0.49976863693090123,-0.015208863870422433,0.9097836402500734,0.6815640542852308,-0.9071744914408154,0.6645361834315939,0.3560386850661802,0.03462033185573853,-0.5254013802640397,0.31195537490926817,0.3823720062375113,1.273716986795202,-0.31040248200108733,1.2551780716615317
back,0.0261442438167575,-0.5104436879415186,0.4997012748134439,0.017281086476809822,-0.4997012748134439,-0.017281086476809822,0.9170200921938361,0.699524594218883,-0.8966580913519333,0.6459232790873217,0.35298559234153765,0.05663594666268972,-0.5212549567089962,0.2958194851495964,0.3768301994186964,1.2664984509831578,-0.3133007121613177,1.2439032229385687
back,0.031952845633952974,-0.5132565496405272,0.4997967087703751,0.01425657400292588,-0.4997967087703751,-0.01425657400292588,0.9160599342779444,0.5958006804880347,-0.9269152538704452,0.632456447131866,0.39365399022118475,0.05505801509371687,-0.5064533043183734,0.14492118409234336,0.39421601060277156,1.270812511621582,-0.3048251808562014,1.2565531797707092
back,0.023032997294392635,-0.5118618864880881,0.49960280368330406,0.019925826250921957,-0.49960280368330406,-0.019925826250921957,0.884959061332553,0.5239397579306636,-0.9634359428486012,0.3899384245470134,0.3578439538261027,0.0307002400360755,-0.6187802388892594,0.15494786238419003,0.37886888320071815,1.2599090067220426,-0.31607650980529367,1.2336624774595901
back,0.03169924952657768,-0.5165962251666999,0.49959718718278406,0.020066154565590757,-0.49959718718278406,-0.020066154565590757,0.8687464437323765,0.5283783597961588,-0.9001280021554879,0.6111396242364994,0.35131896262096507,0.08128579611521254,-0.6655595226661618,0.48097759825047587,0.3682579781917516,1.2911371364426925,-0.3225956279149406,1.2708720346535243
back,0.03879848723298825,-0.5233957961416736,0.4996612281902807,0.01840263685943502,-0.4996612281902807,-0.01840263685943502,0.9000330007685464,0.47829778404267914,-0.9340432778082401,0.5587363154088988,0.37056667924130454,0.05703866688181277,-0.6095863796532865,0.210621590109036,0.38653921454128753,1.3050408355393663,-0.319795917888301,1.2943053124494828
back,0.04880495341908939,-0.5272420536017386,0.4996629004424891,0.018357176291553267,-0.4996629004424891,-0.018357176291553267,0.9052748665760575,0.48250095564753154,-0.9165831414879605,0.6270790478147528,0.39080511054377215,0.0570508949629073,-0.4883421413129556,0.18621907324662748,0.3912158986518135,1.3092196988894416,-0.31993101598136275,1.2986350233478352
back,0.05205895272786056,-0.5170840788626743,0.49955146743125406,0.021173837330080044,-0.49955146743125406,-0.021173837330080044,0.8974646407959344,0.4712770986533036,-0.924904668240529,0.47753950784928445,0.36370346721621444,0.07744662376376728,-0.4732130967348089,0.19005048765622812,0.3869690473874002,1.3010181280240052,-0.3160008932973614,1.2902074080657577
back,0.045664115187892915,-0.5227623977479124,0.499620806536494,0.01946919812995032,-0.499620806536494,-0.01946919812995032,0.9017061095373102,0.5573438018245744,-0.9218325031431659,0.6247009534543714,0.36936249147750694,0.049349349878791186,-0.5732362626196813,0.44521644284661255,0.3704901847548542,1.3176121681550066,-0.34059335399524415,1.3007492525799238
back,0.02107178982126077,-0.5191996426274936,0.4996544822086122,0.018584897332069906,-0.4996544822086122,-0.018584897332069906,0.8768540977399151,0.5496282010782699,-0.9029271537096443,0.627748160648556,0.31674086602196483,0.00033953708830876536,-0.5010502802031623,0.2448599867389115,0.3790877954473117,1.2847018361901754,-0.33529981622055566,1.2670784510890118
back,0.018435389934208145,-0.5175239976824948,0.49971891381371353,0.01676326868013549,-0.49971891381371353,-0.01676326868013549,0.9019379020200434,0.5473325294665532,-0.9045697663634211,0.6622533999484628,0.38063141705662895,0.04322496534191404,-0.4834215444571199,0.17675772042657747,0.38396028984807,1.2813824542377488,-0.3269172654827626,1.264613819830892
back,0.021246002163992507,-0.5222024118076073,0.4997248681882203,0.01658481577424998,-0.4997248681882203,-0.01658481577424998,0.9027839737283421,0.5613749013717236,-0.9015737506256446,0.626630422932801,0.40209648301627493,0.04696943530855213,-0.4556154821987072,0.18371421750268488,0.3732807513855359,1.269403086044556,-0.3292850339734962,1.2456804407392446
back,0.04483668624475732,-0.5306305902370824,0.4997520632373204,0.015744055704974624,-0.4997520632373204,-0.015744055704974624,0.9381194899786477,0.5035731191916115,-0.9347907609674595,0.5033390742272509,0.3932552934300801,0.01626773634812242,-0.526552158674393,0.3588600159266766,0.39124811951885613,1.2943121586910142,-0.32364354451217636,1.2749746466958858
back,0.062331455357529604,-0.5450921923865396,0.49981980751122485,0.013422370112694834,-0.49981980751122485,-0.013422370112694834,0.9573804882341185,0.4998017935626313,-0.9389994114346037,0.5437023069193372,0.4385993164438314,0.03212740874558568,-0.5599227627259894,0.21949309123831562,0.4022265510617978,1.330255652917398,-0.32494164408799653,1.3105240274684187
back,0.04821263356709818,-0.531183000328121,0.4998067957414415,0.013898450657286522,-0.4998067957414415,-0.013898450657286522,0.946031541493199,0.67402936956631,-0.8843994642172234,0.63187813139314,0.37787315351035206,0.03633200277550848,-0.5471651098237332,0.27527877801777473,0.3866476008552002,1.3178486801924434,-0.3236461539949819,1.2978583741891114
back,0.06475437643463758,-0.5416319310826982,0.49987094988796466,0.011359289507004131,-0.49987094988796466,-0.011359289507004131,0.9883442828696136,0.5089633395961256,-0.9064120273634596,0.4622332985184817,0.4067100271150249,0.037127119023401205,-0.5698999480123019,0.27818502244772403,0.40500444913092815,1.3468209947536434,-0.31809879961424736,1.335035397897953
back,0.07007227507646618,-0.5354213648924684,0.49990155036272377,0.009921690629379554,-0.49990155036272377,-0.009921690629379554,0.9760376749582991,0.5130106387352769,-0.8654796462024731,0.5725036901317794,0.41200437242427207,0.05830776231695592,-0.5258800158670004,0.24862490783477229,0.40654433707534343,1.3447307782007936,-0.3134139383649134,1.332769736028344
back,0.05677489064756228,-0.5270352224372734,0.4998270449565336,0.013150100000355247,-0.4998270449565336,-0.013150100000355247,0.9459063952887644,0.5149473311106748,-0.874207103235192,0.5786182921846916,0.439970973351171,0.062098357207595156,-0.5234170841841307,0.16457226386194948,0.38820125734888405,1.3327449289759208,-0.3277548402858738,1.3145803756696661
back,0.07680538258388697,-0.5237564766516958,0.4997656406523936,0.015307005693556067,-0.4997656406523936,-0.015307005693556067,0.9431628128362571,0.52839296294053,-0.8852346382268735,0.7048372704750748,0.433080229751337,0.05970349563640987,-0.6032577097610385,0.5006350161142548,0.38542307995598163,1.336994624538292,-0.334534144120939,1.31884137680894
back,0.07118412705893708,-0.5132616312571525,0.49986077316092714,0.011798620892295863,-0.49986077316092714,-0.011798620892295863,0.9992329890661628,0.6483505641962124,-0.8572821716969604,0.6848687345915712,0.41366111140995304,0.06646085815124145,-0.537192119271827,0.288161760921872,0.40722392422594267,1.3240263203129794,-0.3207808544371334,1.3142522732324469
back,0.07776763494117725,-0.5162059064825936,0.4998533636986093,0.0121084598188944,-0.4998533636986093,-0.0121084598188944,0.9728980329278322,0.5646437030063145,-0.8999623293068877,0.46263879686546855,0.4220110835226132,0.08266938056992401,-0.49795132636879413,0.13976589299539255,0.39042089123314094,1.2999563234373628,-0.33363532828876374,1.277201838256279
back,0.09874565480436301,-0.5169399732436064,0.49983809537895546,0.012723144577430836,-0.49983809537895546,-0.012723144577430836,0.9971622461792362,0.555960062483994,-0.9496208886930986,0.4964587821273865,0.43383075589056663,0.07561462788241465,-0.47971227980125736,0.10591212172636408,0.39525671300108245,1.3053925844955432,-0.3357497060668508,1.2850699954312919
back,0.062007290894836586,-0.4875655924174834,0.4998621864212489,0.011738593875272587,-0.4998621864212489,-0.011738593875272587,0.915439526983717,0.6081951825453883,-0.967913977324379,0.48017760601359993,0.37834451435265787,0.06880386022572918,-0.5073392755692105,0.08684143611148383,0.39731462791801775,1.2414448927338686,-0.3131996264803316,1.2275824402767042
back,0.06297197642942035,-0.49192544659121196,0.4998866998756025,0.01064365010131479,-0.4998866998756025,-0.01064365010131479,0.9158301246659278,0.6040026343905716,-0.9537216864736758,0.6525727822453659,0.4016133310653723,0.07865953109215333,-0.5237948096884404,0.13310233690607104,0.39757145693236995,1.2469780038655103,-0.3136404992884359,1.2327756871566264
back,0.06553886204637815,-0.4894051955146867,0.49989903865794105,0.01004744489242731,-0.49989903865794105,-0.01004744489242731,0.9195117368271714,0.5623858786769864,-0.9374791628224477,0.6424238832843313,0.4090341915965457,0.07918014328907187,-0.5746858713463128,0.37493191816809557,0.3843312927802693,1.251285862508628,-0.3163745910654647,1.2366321916041274
back,0.06897626861168074,-0.4973594187873958,0.49990648969283114,0.009669620622924657,-0.49990648969283114,-0.009669620622924657,0.938607626699202,0.5430291384290101,-0.9443625156804549,0.548199907910114,0.41764690767804513,0.06982701444557506,-0.5420939734091665,0.19786249492690083,0.3990165278769787,1.274854644010696,-0.3118094443727474,1.2600295872100318
back,0.07218647324353862,-0.48212461251436917,0.49994416883458953,0.007471816933743842,-0.49994416883458953,-0.007471816933743842,0.9496029058303993,0.5450487191588436,-0.947614249102432,0.52670787888784,0.4236426445286195,0.08387436973468412,-0.5206702497392822,0.21968245075536838,0.40228896780024764,1.2840065630592292,-0.31189293754292263,1.2679499573378794
back,0.06993366092499782,-0.488050458401733,0.49994554022657617,0.007379485588905877,-0.49994554022657617,-0.007379485588905877,0.9466090146950188,0.5458907327279947,-0.9071269801689799,0.6163185981030616,0.41855206401796263,0.08102136062826637,-0.43195387219297987,0.208636129910877,0.39735180687961136,1.2839679689845778,-0.31628157036572396,1.2668381475916004
back,0.06245769532667425,-0.49318399172923016,0.49994267899303785,0.007570846799684878,-0.49994267899303785,-0.007570846799684878,0.9336647893979664,0.5421189499109255,-0.8969658282684879,0.6454869229656449,0.41770086999942324,0.08320123553091209,-0.4067435801937112,0.19525744645929152,0.39918432839210677,1.2889338630750278,-0.3111126895370522,1.2768494264420587
back,0.059655214591426135,-0.4901160347796881,0.4999184098990982,0.009032355393651806,-0.4999184098990982,-0.009032355393651806,0.9309011633173374,0.5408437619375333,-0.9036367521806776,0.5395179845247572,0.4186199585271603,0.0816096275452604,-0.41845745983015065,0.1452306493315585,0.3782766543012137,1.2845989292755617,-0.3177515417937308,1.269743744383216
back,0.05543610572336812,-0.4938649910949065,0.4999046595565112,0.00976377763412231,-0.4999046595565112,-0.00976377763412231,0.935586931663997,0.5776106632336248,-0.9042656961664254,0.6861074229972125,0.4057891005123061,0.08028981348452006,-0.42826117028950245,0.15750970126706126,0.40170814003945604,1.281032850554016,-0.31386227335687766,1.2647592455969434
back,0.062117380433157635,-0.5064466456188085,0.49987847838336263,0.011023014521176452,-0.49987847838336263,-0.011023014521176452,0.9562784683192505,0.5677829269691559,-0.9101057056519755,0.676932891294534,0.41521103347291344,0.0623352132385091,-0.5015048386569112,0.14687244157391605,0.39192317154359596,1.2990287198106503,-0.32436069452575217,1.2779290262026144
back,0.04681414051185473,-0.4998374117682659,0.49994360229033774,0.007509629082759635,-0.49994360229033774,-0.007509629082759635,0.9791498272628273,0.6991548490847755,-0.940083375190518,0.6581681352363774,0.3654163198177906,0.0346599247946631,-0.497091737445479,0.1033816727677181,0.40472527473040837,1.2844272004257715,-0.31293404115499956,1.2593079151308757
back,0.03296151350037043,-0.5015875160218985,0.49989429624694487,0.010280689654478205,-0.49989429624694487,-0.010280689654478205,0.97671729620164,0.6765006610294021,-0.9426795967800033,0.5690144596450856,0.3699552669135937,0.03785246875072595,-0.4979349484358863,0.19312389063203203,0.38669937615501215,1.28985791256096,-0.32291245245656586,1.2645683568382131
back,0.04357480784899419,-0.5144447991516778,0.4997541955198459,0.015676225958809065,-0.4997541955198459,-0.015676225958809065,0.9332139835451193,0.5938368727716615,-0.9241248611408868,0.5718907098567129,0.3706121789860042,0.030706819578319538,-0.5160623828438831,0.25947363840656557,0.37894890368476297,1.2853028821023813,-0.3240068291355756,1.26081589453668
back,0.06328649522205189,-0.5237233095428655,0.49980619509138696,0.013920034061396242,-0.49980619509138696,-0.013920034061396242,0.9702189205161429,0.5004652475836299,-0.9438911045245969,0.4784378144516589,0.38080586328693805,0.023525168540236487,-0.5276983169967386,0.2621533719096511,0.3965952115035668,1.3109381995096838,-0.3101437509417982,1.2925419215767733
back,0.0917505226400197,-0.5221812719401069,0.4997525794883954,0.01572766017864687,-0.4997525794883954,-0.01572766017864687,0.9987173315829365,0.4606944043843124,-0.9277202867012847,0.41880432685138813,0.39040002746517755,0.019533445285930314,-0.5147515583176218,0.26550860605968474,0.4117006075803887,1.3341644030803343,-0.30354552728654227,1.3198856561656096
back,0.08445696165217159,-0.5196339302829855,0.49988290073084746,0.01082060797338733,-0.49988290073084746,-0.01082060797338733,1.0057471280051606,0.48878994514050467,-0.9496251266057343,0.44318549033708826,0.39904871492799565,0.025156970294595883,-0.544267873707404,0.3356435166700742,0.4108348204262309,1.339698726418009,-0.30827746336092865,1.326003091292219
back,0.10393042954504468,-0.5196550128959073,0.49996419169112294,0.005983897278702255,-0.49996419169112294,-0.005983897278702255,1.0622372619390865,0.48789826211415205,-0.9781554718779238,0.45629081011417527,0.4553343284305906,0.061075621385193506,-0.5307562862819137,0.3649639506540002,0.4270366397426086,1.3530036064951423,-0.297302459629422,1.342542903412031
back,0.09771323300055693,-0.5193973174344727,0.49982577859313093,0.013198145845931115,-0.49982577859313093,-0.013198145845931115,1.0509486787323192,0.5111714839097438,-0.9440208126126005,0.46707165436367293,0.46194560850871674,0.08973438917799312,-0.5211875161325314,0.36993549645427054,0.4212549876386934,1.3414537459112252,-0.3073387943885478,1.3320230426906248
back,0.09309242936719264,-0.5094127613837471,0.49947777195350934,0.022846341596809053,-0.49947777195350934,-0.022846341596809053,0.9800259163877856,0.5334318234599424,-0.8968085535768692,0.7578599566931005,0.42410886123654906,0.049417231390229174,-0.5097392002322664,0.44406846508608333,0.37893826828160315,1.3203441796071238,-0.32687062782068077,1.3039135450626387
back,0.08055500265349523,-0.49607212867649975,0.499536136131107,0.021532503319495962,-0.499536136131107,-0.021532503319495962,0.9470455902725932,0.5613397285404724,-0.8709979329240809,0.6829047664616771,0.407928265981126,0.0476786054969752,-0.427500866310881,0.1763720992763478,0.39501600591400005,1.283714812798957,-0.31268261675713943,1.2685196848860405
back,0.09093145863668516,-0.5041558542621475,0.49968050441077705,0.017871583919491882,-0.49968050441077705,-0.017871583919491882,0.9488905380128386,0.566051945540431,-0.8667131616721299,0.6914456888723516,0.4109438781054134,0.011026836242403222,-0.7174725453291524,0.9569601085450153,0.3765880076207498,1.308957599305609,-0.32206662181085755,1.302381241451644
back,0.09640750752028181,-0.49798001517535895,0.4996688303357431,0.01819505402328823,-0.4996688303357431,-0.01819505402328823,0.9218581490833436,0.5898011663983533,-0.8215303136827778,0.6674056858049546,0.3975725433724993,0.0076295071305418965,-0.6623877952166949,0.6812588569493205,0.37105856981803154,1.2930000336213392,-0.3153589214799686,1.2884601648814529
back,0.11044806376889517,-0.5037619312831343,0.4998797077786478,0.01096712136951705,-0.4998797077786478,-0.01096712136951705,0.9723639534438485,0.4835015004312797,-0.8191504305309277,0.6536696616911433,0.4114855289889146,-0.008818817152519446,-0.5881569010089298,0.1912413302769972,0.3971323077800662,1.32312577801135,-0.3105432060956008,1.3216344869573822
back,0.11058305019382238,-0.5030760662375431,0.49959347506593116,0.020158364803396916,-0.49959347506593116,-0.020158364803396916,0.9765560679006089,0.5242120174157369,-0.8850785440516441,0.5067683009733588,0.4212367992639961,0.013490606228406882,-0.7709111652987414,0.5537078808456328,0.3900782684937302,1.3795459695961103,-0.32903745561762626,1.3673793546502233
back,0.07806970603611837,-0.5047217029685691,0.4994042740395313,0.02440022686469777,-0.4994042740395313,-0.02440022686469777,0.9558109740954815,0.7753397737371948,-0.9289482192341626,0.5193065968524432,0.4118788733902919,0.04401307617157328,-0.5698305880444874,0.25238574707778283,0.3723694516193991,1.3647825865629606,-0.3466471040655052,1.3498386552699773
back,0.06805427919047267,-0.5132007544584284,0.49982740688152516,0.013136336250656324,-0.49982740688152516,-0.013136336250656324,0.9340778421468152,0.7107975523846121,-0.9198179174533182,0.7262725235594808,0.39300969998302354,0.028289481235352604,-0.5738585276765915,0.4411593310632013,0.3852261002227829,1.352627189254,-0.3464847276227729,1.345356023248244
back,0.07122193491053841,-0.516054280147266,0.4998845317815322,0.01074499351132123,-0.4998845317815322,-0.01074499351132123,0.9550441733902548,0.6499329803717627,-0.8955123355331793,0.6932490101251917,0.4168724988300545,0.027345731886614287,-0.5686023059349051,0.3905819359106765,0.38801081677173116,1.3387514320407825,-0.3290463558408432,1.334549184662636
back,0.06968744300134709,-0.5143023105537675,0.4998249894867821,0.013227996240479312,-0.4998249894867821,-0.013227996240479312,0.94170260682977,0.6048931229731754,-0.9094036286629883,0.5013909513680631,0.4161645337046959,0.017844095177443658,-0.5661914361910639,0.28744757377919977,0.3890189508128284,1.3402637134097193,-0.32838966844327444,1.3350186821053862
back,0.08229603222626636,-0.5245846611933752,0.4998214823602015,0.013359856707718472,-0.4998214823602015,-0.013359856707718472,0.9559798097351773,0.5318612677457267,-0.901415853864721,0.46030672099251374,0.3911060143518592,0.00035382801199678203,-0.507818708973789,0.26632216572287926,0.39713076443372886,1.3540405790439614,-0.3261531578142772,1.347421564896315
back,0.10587390695130872,-0.5203171773819723,0.49986712648211395,0.0115263117480965,-0.49986712648211395,-0.0115263117480965,0.9416150067625226,0.5073869180980005,-0.8735955170495995,0.5667102932156478,0.390644765586102,0.003925624922980973,-0.5232741982713879,0.39784526478580284,0.39209815035721335,1.3470539409577007,-0.3215450525037894,1.3370336904642304
back,0.08177273275273343,-0.5042479505030164,0.4999099768492829,0.009487625970146275,-0.4999099768492829,-0.009487625970146275,0.9433407514871243,0.5805372929530798,-0.8801042907935984,0.6129412591988147,0.36792689367630244,0.0013399077977111636,-0.4242576069063893,0.15343176661112576,0.3883180925493102,1.289394009706273,-0.31682244815957217,1.2778528331522125
back,0.06315709173097567,-0.5135522889932599,0.499897679551341,0.010114839553092293,-0.499897679551341,-0.010114839553092293,0.942410218663437,0.5452825491060415,-0.9096947753176446,0.4670140351369521,0.4120197832445288,0.027512545255539825,-0.4443698435825835,0.16775536986969652,0.4055213248941882,1.3153645037856259,-0.3072015310928173,1.3095901568306583
back,0.051903419953739066,-0.520316171525709,0.4999549978746901,0.006708211394892555,-0.4999549978746901,-0.006708211394892555,0.9423024036504891,0.501268369308761,-0.9258826715181397,0.470253362579527,0.4251515356093492,0.018006396719263577,-0.6850628073220509,0.5035940609157656,0.3965181450780015,1.3153247507117747,-0.3081542967403445,1.3143038149756006
back,0.07709507708398156,-0.5214256680382202,0.499941566831092,0.007643935797274228,-0.499941566831092,-0.007643935797274228,0.9940966815228456,0.6175165127194663,-0.9481758699501796,0.476212614064913,0.39985531634701393,0.03892476064596888,-0.5495960772979573,0.3930689338408299,0.3899298800029401,1.331035376222931,-0.3267764263001791,1.3255181122365787
back,0.06555031145019681,-0.5153587509054369,0.4999824951947944,0.004183837806060249,-0.4999824951947944,-0.004183837806060249,0.9583767249228939,0.6070750424590079,-0.8487078585410973,0.658500508683959,0.38898077261488156,0.03482423017577912,-0.4688221097508155,0.15459004128201093,0.41221280997188536,1.303923348144269,-0.30714724561915724,1.299340700806318
back,0.0690373369095365,-0.5167770613616576,0.4999747087432583,0.005028977738477157,-0.4999747087432583,-0.005028977738477157,0.9685865177965304,0.6377077165568726,-0.8536348506548427,0.6609143688073141,0.3775337164199838,-0.001966877066674698,-0.5208111312932917,0.3463957685090933,0.41061396640519426,1.3066695403318165,-0.30743949629085726,1.3071357403941546
back,0.05619380774046637,-0.5115129048819096,0.49995331112601793,0.006832766213703837,-0.49995331112601793,-0.006832766213703837,0.9511417805807042,0.5888716493289955,-0.8430270926572793,0.6616585754849712,0.3873042326243914,0.05467880441661929,-0.6282533870982981,0.5546939904546809,0.4068048731529266,1.311210195270755,-0.30853969514645213,1.3092887403154476
back,0.07141137402981347,-0.5142246354893901,0.49996061431920763,0.006275677617639904,-0.49996061431920763,-0.006275677617639904,0.9388396735862989,0.4896483202847044,-0.9572925307414634,0.6225886121328578,0.38980136388036696,0.05109813746129625,-0.6664461218174208,0.6613398028446134,0.3727890933768773,1.3129881304973015,-0.33409510843824214,1.3091671934655242
back,0.08665817645392455,-0.5162390319104038,0.49996150157603636,0.006204590384144953,-0.49996150157603636,-0.006204590384144953,0.9578128557899931,0.4969753032960733,-0.9255521088340377,0.5514927676024903,0.4096198634826803,0.0513081299320527,-0.4690679376778622,0.24119584388389023,0.3927868965633214,1.3153916746656722,-0.31797063923889957,1.3121092079307357
back,0.10093860840913545,-0.5259491756846414,0.49995895071543595,0.006406840057334207,-0.49995895071543595,-0.006406840057334207,0.9958746249206548,0.5114548594950532,-0.9310217896298253,0.4783241075311913,0.43240604840680164,0.05474345214939302,-0.5946942476960461,0.5515535048583241,0.4106219181768765,1.3573424161669518,-0.31445694300175364,1.3564495683929658
back,0.07746351509299029,-0.5038794745659403,0.4999129314440721,0.009330647083371363,-0.4999129314440721,-0.009330647083371363,0.9485665099920688,0.569460632926033,-0.9085499730541058,0.4721904455030232,0.3976546472509447,0.04974870836518628,-0.39808289212251613,0.2039597806492439,0.4142003741396515,1.31553177480164,-0.3079858846576467,1.309517137372339
back,0.07822168015643442,-0.5024407429749314,0.4999046546079261,0.00976403099800706,-0.4999046546079261,-0.00976403099800706,1.012938006348991,0.6455436208149489,-0.8308494214018889,0.6780469810795031,0.42923802726754695,0.04973185954830538,-0.3813878296396753,0.22740276661321296,0.40935220538958433,1.3114661042344185,-0.3087614039809446,1.3023312135438037
back,0.09821971369994065,-0.52308109836915,0.4998336642136719,0.012896050509137884,-0.4998336642136719,-0.012896050509137884,1.0258217033103096,0.503738424102876,-0.8659771426454789,0.5063520845982011,0.4597507201112551,0.044808517259546585,-0.48500132012983616,0.27410968058501495,0.4367302932820842,1.3792448795986745,-0.30687404035144905,1.370754026397471
back,0.09906463828124105,-0.5189163856480605,0.4998555647525505,0.012017253675811069,-0.4998555647525505,-0.012017253675811069,1.0207442008431589,0.5137975471559376,-0.8519203477876084,0.667950165617043,0.47413324818918395,0.06715296579204547,-0.7650846152538366,0.9405356336550122,0.4249621828424955,1.3932150406985673,-0.30570059379785,1.392034647547374
back,0.09427607708957693,-0.5247358543051363,0.49995770354988794,0.006503434563549303,-0.49995770354988794,-0.006503434563549303,1.0066527798257936,0.5319965706013987,-0.8777560101087607,0.6379254856307741,0.4680337863238932,0.06670540286760947,-0.5101100461817454,0.43040087984289077,0.4203485265824195,1.3721312451148648,-0.3069102284055455,1.371028853169571
back,0.09724568933316594,-0.5128433746938572,0.4999764746643599,0.0048502352725076445,-0.4999764746643599,-0.0048502352725076445,0.9762833037182805,0.5859873157256845,-0.8330550276554498,0.6849851531361185,0.4477996749372704,0.05412338203516259,-0.40544214376633747,0.1691797127409227,0.41791071941373187,1.346544686932901,-0.29574891918399804,1.3408326868756342
back,0.07808247236362434,-0.5183890984348924,0.49995633259896477,0.006607987151415797,-0.49995633259896477,-0.006607987151415797,0.9314719612456271,0.5106571731557676,-0.8585378148166041,0.5646532337861789,0.4015901459233935,0.05877611554377523,-0.6230554938573123,0.5723644192201778,0.40152196627572373,1.3511713392706153,-0.31306273095688475,1.3424474842210792
back,0.07314647066264326,-0.5166939569856597,0.49995858576535507,0.006435255978284895,-0.49995858576535507,-0.006435255978284895,0.9521104417810304,0.5080198146933617,-0.9370499472988376,0.5378291701730248,0.4140906660836345,0.06138872607245888,-0.727311763035876,0.7928842706165021,0.40448501695694195,1.3540853336021856,-0.30369488861945143,1.3589035381172134
back,0.06628838515393826,-0.518987097781777,0.49995308585340886,0.0068492295664534545,-0.49995308585340886,-0.0068492295664534545,0.9414395430959226,0.510082610334363,-0.9406162120945515,0.5356932771961788,0.4167873786295084,0.07557977946826772,-0.7244354731360391,0.747996455610243,0.401286188477094,1.3534725638539702,-0.30934862054147505,1.3541656487575084
back,0.0658522034926068,-0.5192133594000607,0.4998859260127604,0.010679933256581965,-0.4998859260127604,-0.010679933256581965,0.94971671059118,0.671200813255192,-0.9430516841374773,0.5588278880186723,0.414116540750259,0.06249066217993771,-0.5573246113169605,0.43457256609478323,0.3993246289923238,1.336902105506943,-0.3092766150990082,1.3366896999962354
back,0.0667910275837294,-0.5276716888849482,0.4998795233204075,0.010975525726002511,-0.4998795233204075,-0.010975525726002511,0.9088990887377372,0.5492679288528395,-0.9369726571004522,0.540674672350654,0.38801024334649115,0.0395426477057159,-0.5888204777996253,0.41581420420394444,0.40473034324919066,1.297884842503799,-0.3056643093337838,1.2985871160972116
back,0.053891396680938744,-0.5265277973574832,0.49986534372875074,0.011603367568849133,-0.49986534372875074,-0.011603367568849133,0.9258769325566766,0.6535950654467383,-0.8514883508622709,0.6789804690629911,0.3889602475970649,0.03428795674551551,-0.49287652548850647,0.38497140999789986,0.3980469827741927,1.295362667651824,-0.31130666149723435,1.2943536791675763
back,0.04401883747705539,-0.5293590413037447,0.499784318878344,0.014684502147154662,-0.499784318878344,-0.014684502147154662,0.9259120444117773,0.6411502791434044,-0.8986499834701955,0.5341677368815164,0.4071809166265952,0.045350311875431884,-0.6813084810217995,0.574567707817096,0.39154798331227325,1.2996480549154004,-0.3241697446907946,1.289756932555778
back,0.05761050388617281,-0.5384216074357607,0.4998239136175627,0.013268586059684917,-0.4998239136175627,-0.013268586059684917,0.9686942156002687,0.5731045436099621,-0.907724154874251,0.7083323558927143,0.4253510401303691,0.015561646810049977,-0.6881092379465058,0.6801063034150479,0.3971830633667725,1.345788597696817,-0.3345320617765954,1.3400102268890715
back,0.043560609190385916,-0.5392548718805849,0.49972627788900187,0.01654228482417451,-0.49972627788900187,-0.01654228482417451,0.9383415774369375,0.5776681608367272,-0.9141194424251975,0.5202524199542793,0.4172632687130108,0.01915325081391565,-0.6930734444040764,0.5609600025070272,0.39014141908615696,1.3432017445250573,-0.3428155053319694,1.3318540359926092
back,0.05557407037202532,-0.5302552094544111,0.4997445109112666,0.015981984046384533,-0.4997445109112666,-0.015981984046384533,0.956167057458166,0.6776938799072517,-0.8937689170066638,0.6940839050267001,0.41777705090483236,0.01644172124134945,-0.6670922621637707,0.7026535865095087,0.3861967601682709,1.3127263797563282,-0.3272344725077197,1.3079979760521578
back,0.04968633481493841,-0.5232611580382459,0.4997619170027608,0.015428101429718063,-0.4997619170027608,-0.015428101429718063,0.9437856183300647,0.6560364336060419,-0.8875303630731927,0.7026932087136512,0.40719834394037574,0.030326023728658533,-0.6124049694892014,0.6674822736997189,0.3975993917114952,1.2893483032094357,-0.3114944972602933,1.2893167413149875
back,0.06411288479491614,-0.5311581101946408,0.4997393563428854,0.01614235800614711,-0.4997393563428854,-0.01614235800614711,0.9674812152923514,0.5844285570320055,-0.8885595213709574,0.6924794903199636,0.4247094775292008,0.007418790891781141,-0.6508856345196127,0.6940222420399911,0.3781012497015423,1.317272196586832,-0.31282892503017307,1.3119250878003228
back,0.0609019383311635,-0.530259026252801,0.4997695364114879,0.01517927781702565,-0.4997695364114879,-0.01517927781702565,0.9436137960218652,0.5989258610069046,-0.8563801590991064,0.6865453249877128,0.42131480152548495,0.04957616041805901,-0.4687911311688311,0.32600479262364224,0.41457007988913896,1.3149552867632535,-0.29830668429167934,1.3114446778282265
back,0.05096711068421079,-0.5283045977706904,0.49974269331355425,0.01603871814437862,-0.49974269331355425,-0.01603871814437862,0.9382271323319541,0.5397701514933986,-0.8929556087711448,0.559693878997624,0.40042389225124747,-0.009441201793214797,-0.6189857621259583,0.5058108362411382,0.3989383961858954,1.315527499566464,-0.3068441230845286,1.3100036205893
back,0.051948454755269574,-0.5317110704194419,0.4998199160999173,0.013418325896758822,-0.4998199160999173,-0.013418325896758822,0.9473226991918479,0.5207619156389721,-0.8725633387867073,0.6457301601265599,0.4101366280163432,-0.003967886147162871,-0.684746425853089,0.5699606149867111,0.40350078073960594,1.327025691602044,-0.30605736637639785,1.325305065138802
back,0.03900238533838119,-0.5315683048436686,0.4997157848902641,0.016856284629400347,-0.4997157848902641,-0.016856284629400347,0.9690632233485303,0.5324844635903224,-0.8880789445008828,0.5515964646455054,0.4130237119870455,0.01671479253491768,-0.6724466797891308,0.46964278653221,0.40183166565244177,1.335645715140068,-0.3141288665282535,1.3264410336346004
back,0.04693923222169398,-0.5271138418982609,0.49972624909779906,0.01654315455541991,-0.49972624909779906,-0.01654315455541991,0.9599565648415126,0.5275223776916592,-0.9019539159318163,0.5600380804925073,0.4084198283691731,0.017334469960873265,-0.6879554085768941,0.72240830537806,0.3988840009556632,1.3425106660888622,-0.3130345877271255,1.3440454494482619
back,0.06085396685323736,-0.5408366325724558,0.4998503405645117,0.012232621858851584,-0.4998503405645117,-0.012232621858851584,0.9040776292128033,0.5430457988947932,-0.8528871816761624,0.6657498070192039,0.41905220276647126,0.01118306817291413,-0.6103479132302647,0.5218771371240255,0.39939820295339334,1.3604454292040635,-0.31758054745484904,1.3567710577212333
back,0.04467200763916564,-0.5309315524571592,0.49979254870980816,0.014401675393995799,-0.49979254870980816,-0.014401675393995799,0.9008293248312483,0.553007859811564,-0.8732565939139323,0.5164718319820405,0.3953595158404301,0.012973024081170698,-0.6568611864780161,0.5688977780936764,0.41017580059323433,1.3559455700847562,-0.3071028577952129,1.3535495351197526
back,0.049743583499118366,-0.5294818220395875,0.4997998095364823,0.014147451618438773,-0.4997998095364823,-0.014147451618438773,0.9121532245305359,0.4972299586835462,-0.9331570309329056,0.5288872854129851,0.42243351948817603,0.001490816020356642,-0.6300430579695144,0.4869679273531635,0.397008838391279,1.340474833846746,-0.30955439783221966,1.3279325796896295
back,0.04689514385197799,-0.5250827904958407,0.49978093171697535,0.014799334177996322,-0.49978093171697535,-0.014799334177996322,0.9233217856342464,0.5892326592981098,-0.9336437000067993,0.6094787874047283,0.4156373191445883,0.01023364001487952,-0.8423233544762623,0.8988744319017511,0.3902546142271792,1.3449381659133275,-0.31345954960385525,1.3308633457713486
back,0.04912060056956836,-0.5265511625448597,0.4998481686122765,0.012321052509962295,-0.4998481686122765,-0.012321052509962295,0.949667892667861,0.6909598565573288,-0.9105260779375695,0.7357918596015722,0.41806264995190656,0.006968039338557449,-0.529763738208938,0.38952931996887447,0.3909749560073218,1.3403490789814267,-0.3247547861825604,1.32713530199288
back,0.051679046257652544,-0.5270604876241413,0.4998701637770355,0.011393830151432556,-0.4998701637770355,-0.011393830151432556,0.9470027095691695,0.5158088446697974,-0.9050479000210387,0.5771084201433855,0.4235536046873659,0.03729321804546401,-0.6770869857721117,0.7496472543045261,0.3975613470791901,1.3370650004122144,-0.3112941422463822,1.3360477686684031
back,0.059750368771503845,-0.5203089551243929,0.4997860585901481,0.014625171415237316,-0.4997860585901481,-0.014625171415237316,0.9180202356277462,0.49914309814107494,-0.9057601088103806,0.4646242377453751,0.4249269616792391,0.040442731128831656,-0.736628849676862,0.6887107902461368,0.3809811044806904,1.3083846153544614,-0.3111067688167837,1.3010886288373127
back,0.06290429413471499,-0.5204822901359942,0.49982348160043016,0.013284850049002527,-0.49982348160043016,-0.013284850049002527,0.9156562200172517,0.4967882185425319,-0.8929457990563757,0.4862381292140872,0.39313319415838366,0.02091096749669896,-0.6756492101047104,0.7238829333249825,0.3766728206243452,1.322030311648392,-0.3229191764888012,1.3114918568254241
back,0.05851011808952667,-0.5163311945062383,0.4998190199351266,0.013451665736611997,-0.4998190199351266,-0.013451665736611997,0.9210961851739408,0.6905473087409699,-0.8467550308445273,0.6420270932096462,0.39183807258200504,0.05955623115802321,-0.6093992788864017,0.533572075985117,0.376638594587356,1.3195549154261117,-0.3224004545068892,1.3077830718138872
back,0.06424343952758996,-0.5320086911829851,0.4998395872086597,0.012664401252200143,-0.4998395872086597,-0.012664401252200143,0.9577754024854753,0.5555759388250257,-0.8689513923217947,0.49012082060626616,0.4277942026212507,0.06163735364196099,-0.7727770264451351,0.6071831014799541,0.3978168582750947,1.3519198473638077,-0.3162859498072334,1.3418968531107758
back,0.07551352372584001,-0.5337959858374286,0.49982766189631017,0.013126629547138856,-0.49982766189631017,-0.013126629547138856,0.952879327603762,0.5127930996357851,-0.9125128034554271,0.4573307899491225,0.4409876819321571,0.061404316302204234,-0.7541367043429049,0.585739744547935,0.39132494857225186,1.3647972097029641,-0.3203056035004222,1.3501376739575637
back,0.055817729595351355,-0.5274269702493798,0.4996026511151675,0.019929651243719263,-0.4996026511151675,-0.019929651243719263,0.933710788079781,0.583682962870001,-0.9312491076147167,0.47788009408842136,0.406120816387122,0.07167691651560493,-0.6147965956195154,0.4096339259835044,0.39326102174220834,1.3300763931037383,-0.33571633789158967,1.303460831855169
back,0.05546489157267123,-0.5197926126085758,0.4996181185120957,0.019538056567467044,-0.4996181185120957,-0.019538056567467044,0.9418200263169161,0.7511374884841123,-0.91597278312151,0.5007174748321015,0.4198390453666122,0.08848926981316128,-0.5750662262054657,0.3741730878559531,0.4137661183920565,1.3149223191012214,-0.3132433401171145,1.288787129089438
back,0.048997183468325996,-0.5209064070201497,0.49984851409351205,0.012307028825355195,-0.49984851409351205,-0.012307028825355195,0.946522801844225,0.5923543023447825,-0.9388843152081761,0.5840965437652444,0.40941354506950584,0.029645104904036115,-0.5729311095350642,0.3909321211416272,0.4027836658831726,1.2887522296367768,-0.3152591437822963,1.265207702185246
back,0.04995888489299525,-0.5156844375473743,0.49978732164771844,0.01458194500744225,-0.49978732164771844,-0.01458194500744225,0.9492864823670256,0.5853570866178198,-0.9116090039823114,0.6368543618476298,0.41956606419730885,0.06877982798557322,-0.7479945539833031,0.6170379993848331,0.4023595317989646,1.2941347740734261,-0.30635923973790813,1.2810425820214653
back,0.052257797460093756,-0.5101719785489368,0.49984525585567213,0.012438657426654676,-0.49984525585567213,-0.012438657426654676,0.9726158065690119,0.7708878340966326,-0.8643661176401879,0.715669810630984,0.42841553296335005,0.08395430485845087,-0.6371040519437664,0.6006493126567276,0.3979342631940387,1.291730836475955,-0.30350441143672063,1.28060968865457
back,0.05437144333604967,-0.5150163633930946,0.4998375618775956,0.012744086325067358,-0.4998375618775956,-0.012744086325067358,0.9716808345887047,0.6071178394846347,-0.8936575495712024,0.720822948896623,0.4290932817557322,0.03932892777434347,-0.7770124493409722,0.8317848107832404,0.37453408523365017,1.3055286553269723,-0.32251678494960856,1.2943623327520462
back,0.049173976958022114,-0.5163263203834231,0.4997707840043048,0.015138145716120342,-0.4997707840043048,-0.015138145716120342,0.949763643323796,0.6001113580435845,-0.9144055429614169,0.6211603997306125,0.42926430854932274,0.08667420301105755,-0.7588628774335534,0.7284628191382067,0.3760826127641702,1.3037785127327002,-0.32141228055001086,1.2912205164125354
back,0.05006697902405232,-0.5145355923372844,0.4997426938609974,0.016038701086853686,-0.4997426938609974,-0.016038701086853686,0.9364431933932524,0.5321251195957395,-0.9034604994890191,0.564460032315054,0.414816136060842,0.0439135352003905,-0.7552677919338149,0.6938059516076354,0.3755567138814018,1.2757516779144233,-0.31616215311723833,1.276703263801842
back,0.05249536165059071,-0.5026103410819988,0.4997340773296772,0.01630496720193657,-0.4997340773296772,-0.01630496720193657,0.9291226396809811,0.5804449411024671,-0.8991536296497645,0.5612661798854577,0.40705252447579016,0.06337193498042394,-0.7181894028582175,0.6956997152081782,0.38464086612523696,1.2716414669895912,-0.309107396717219,1.2716713696378934
back,0.04525677309823905,-0.5084563100493305,0.4998936463029537,0.010312244466527641,-0.4998936463029537,-0.010312244466527641,0.9236345338319278,0.5666327268725859,-0.9107139964202878,0.6487937572649846,0.3947589044638996,0.04978382767235644,-0.6174387675600952,0.577114519591549,0.385363505714785,1.2494189349644884,-0.3079023897239124,1.2496070368091579
back,0.03879877664453114,-0.5104385515848087,0.4998151043551421,0.013596376666539,-0.4998151043551421,-0.013596376666539,0.915150693957024,0.5800246477474121,-0.906309495739216,0.5714681175978673,0.40643779768576993,0.06664436058069524,-0.47146069031812876,0.28173005740297896,0.3827699775541744,1.253817477224587,-0.3162448356602828,1.244810603382961
back,0.04725286641135514,-0.5135996800955841,0.4995528104005346,0.0211421290537983,-0.4995528104005346,-0.0211421290537983,0.9669999747883691,0.5251749713289138,-0.9263812346846828,0.4708344844372494,0.4530603905848024,0.0607253421033435,-0.7169179913548913,0.5438346207853203,0.3710803397966589,1.3248067384277995,-0.3266086025279789,1.3069639812779952
back,0.04990718518546421,-0.5149880769270084,0.4996666775766742,0.018254076790895083,-0.4996666775766742,-0.018254076790895083,1.0724405844937992,0.6536089287210665,-0.9826915821555299,0.4720577420446606,0.5444238612925855,0.10431916611953415,-0.46030333521543865,0.41377600533460707,0.373914150093847,1.3571154406842159,-0.323199135979792,1.36813027925484
back,0.07061205085528392,-0.5344636983546729,0.4999127720217579,0.009339184628326377,-0.4999127720217579,-0.009339184628326377,1.0503872836858252,0.5126904944150451,-0.7474847642459013,0.6298817399659945,0.5794050350829905,0.11580399494597647,-0.4959150141055165,0.4645868692706327,0.40584227420796976,1.3803634353027927,-0.31141709414074104,1.402760729792361
back,0.09400130301247042,-0.5294287281563003,0.4999613111515527,-0.006219915724533187,-0.4999613111515527,0.006219915724533187,1.0686984560648962,0.4939454296494462,-0.757851645228836,0.6237642848872966,0.5884019961715349,0.12894994013338815,-0.5145304413530856,0.5087938170496193,0.431381087037649,1.391070271806798,-0.29303451853414636,1.4219682962223232
back,0.08045526580423026,-0.5145357636362977,0.4999991952696134,-0.0008970672990301343,-0.4999991952696134,0.0008970672990301343,1.0227009354451775,0.5252040492811186,-0.7835688341715343,0.7286260101847605,0.5360972178354827,0.1183568975147651,-0.6092235868818607,0.5717632632827734,0.4140256281340366,1.3427084125327502,-0.3029267118313211,1.36077981819857
back,0.08869308489673804,-0.5234391916401869,0.4999992304307939,-0.000877250599236604,-0.4999992304307939,0.000877250599236604,1.0400121209047815,0.5375074752102355,-0.8577575515631511,0.7311283940881989,0.5523953538247662,0.11033057762554516,-0.9449750529725353,0.6470425265238334,0.4226918229919702,1.369790023838344,-0.30373325509463606,1.3854417017992076
back,0.07708113020645403,-0.5296154432064095,0.4999988874588738,0.0010547700642599704,-0.4999988874588738,-0.0010547700642599704,1.0727653435332203,0.6694877276583789,-0.797336930535307,0.7913232539628428,0.536080862427588,0.07342823205803904,-0.7150133050198452,0.6652080490285353,0.4261396310727306,1.3862120498161843,-0.3056021069511634,1.397462930501624
back,0.07668523437552215,-0.5309935334073127,0.49999975001587305,0.0004999840642413086,-0.49999975001587305,-0.0004999840642413086,1.0305096871203334,0.5376615126030573,-0.7996994691894871,0.6789491662703688,0.5415806082192693,0.08434861878538913,-0.7143720023964603,0.6642424454683323,0.4280591719687852,1.3559027534433736,-0.29864039684878585,1.3768484910784136
left,0.028235161720721314,-0.48964297463391654,0.4990658275603369,-0.030549955180263346,-0.4990658275603369,0.030549955180263346,1.0041739030161778,0.5322298590990189,-1.0610592484802706,0.7118444134220978,0.36204001950187426,0.3530026249792717,-1.140072635864389,-0.014634535033397162,0.40478280633513464,1.3225455632007077,-0.29296763098858314,1.3320846330578568
left,0.0318387646002535,-0.4831562735892086,0.49912432040055027,-0.029578924670935453,-0.49912432040055027,0.029578924670935453,0.9930403119941303,0.5564388264157755,-1.0448254716111813,0.722767159724766,0.3562172777707,0.3500609024373889,-1.1352836075827228,-0.00806670424746747,0.40515739179163013,1.3063299733918803,-0.2914975793454054,1.312996067434464
left,0.029618147653083748,-0.48499988122273474,0.4991401146293368,-0.029311191852473915,-0.4991401146293368,0.029311191852473915,0.9723263136696132,0.5556824497975034,-1.0676281066117772,0.7157182076397764,0.35743897038914674,0.34897062766114323,-1.1475415763663501,-0.010258712424509863,0.41058069066173664,1.3066596622320594,-0.2898700458571932,1.3132379271633163
left,0.034935096402638206,-0.48348417656958526,0.49916047485098863,-0.028962395386699712,-0.49916047485098863,0.028962395386699712,0.9720385854611372,0.5559142128564476,-1.065323812871881,0.6631463421234381,0.3581442093093275,0.3474667335335062,-1.1493106148110412,-0.008337698408948324,0.41114797632243477,1.306577906103922,-0.2908033393142473,1.3130372431716328
left,0.036156396932737984,-0.4828231778313984,0.49910376920246496,-0.029923695759257758,-0.49910376920246496,0.029923695759257758,0.9653740120320576,0.5526932970711423,-1.0402920551428034,0.6904229425994003,0.3571050016352208,0.34736926959108055,-1.1450528167849905,-0.009570822372681581,0.410036239000466,1.3132130638703405,-0.2910871194720003,1.317590299352538
left,0.03493481166606286,-0.4868418888248213,0.49912572788969006,-0.029555164668582604,-0.49912572788969006,0.029555164668582604,0.9757256123190697,0.5487260405664466,-1.0469076479376602,0.6799815915189386,0.3696492868054346,0.3522004333802489,-1.1565349666611004,-0.012644702228244311,0.4140915770708152,1.323365144460616,-0.29022782065775987,1.3313644580359052
left,0.025473347130280204,-0.4841661689147176,0.4991423604027541,-0.029272923522721445,-0.4991423604027541,0.029272923522721445,0.9624939926515617,0.5662064974875687,-1.0475776165479205,0.6756442924795384,0.36078011822770795,0.347117247215837,-1.1584426548876419,-0.014344814004428958,0.41777753822630825,1.314315984961937,-0.2916609446334019,1.3183892929245462
left,0.029757189249070694,-0.48456740426843103,0.4990355197531271,-0.03104110218285237,-0.4990355197531271,0.03104110218285237,0.9727493695948393,0.5272436652533756,-1.0436455702331966,0.5942385413894746,0.35865487697133475,0.3509900485736641,-1.167376037162497,-0.012639306119384991,0.4090020027315537,1.3016082114518182,-0.2957166869474943,1.3005832181463481
left,0.030303749518218116,-0.483498911631518,0.49910496594574283,-0.029903728334421103,-0.49910496594574283,0.029903728334421103,0.9700647266898335,0.5252181632003423,-1.0361311284199124,0.6015634157828352,0.3731439210014921,0.3488942613489298,-1.1697646111144313,-0.013693787778797121,0.40754100973088325,1.3001896931365844,-0.29450093899225555,1.3013693065304879
left,0.028440469906543885,-0.4856026943535992,0.4990158679340101,-0.03135543892320106,-0.4990158679340101,0.03135543892320106,0.9664365073581146,0.5352880865510635,-1.0370555794226406,0.6296008062922076,0.3773619577243598,0.34601379569993423,-1.1631740900152385,0.002375630079611983,0.3411642919686025,1.2969256432094813,-0.2953635563394189,1.2998613334401403
left,0.02986918379406788,-0.4860194431183408,0.49915259831183606,-0.02909782807260403,-0.49915259831183606,0.02909782807260403,0.962493976567842,0.5546464402140855,-1.0572400260670727,0.6923373558374007,0.36573505841026294,0.34642674589835193,-1.164951334695141,-0.0008995985397644164,0.356834208345557,1.31530357515806,-0.30138354141727436,1.3146330512045157
left,0.03118079527555553,-0.48900635956157484,0.4990445173092217,-0.030896112111492385,-0.4990445173092217,0.030896112111492385,1.0015259056278145,0.5094193267262183,-1.0493471350561305,0.6192998584681664,0.37714940816290426,0.3534007249360186,-1.1761668043951057,0.0007255247588443807,0.38246792173482425,1.328852780082857,-0.28491210699163844,1.3363809777851858
left,0.029684963325045804,-0.4884252291515092,0.4991553401085059,-0.029050756292423714,-0.4991553401085059,0.029050756292423714,0.9909528486077773,0.5352770830159524,-1.0597442112847304,0.6503905061583074,0.3616415459040494,0.3542805268852235,-1.1749238100800785,-0.0061447078925295955,0.39274174095672193,1.3226763347752342,-0.2933388245987021,1.3253532995826491
left,0.023218962206963567,-0.49217623067712785,0.4992202834083587,-0.027912517508781202,-0.4992202834083587,0.027912517508781202,0.9877834151887789,0.5241547501069241,-1.0669855677994415,0.5675118706889988,0.35079744818063646,0.36159359102821376,-1.1984653606689895,-0.011505365909434956,0.39308704472319456,1.3350429927878724,-0.30132096382417295,1.336523271612242
left,0.015032066715057312,-0.4925632617492738,0.49923927444922533,-0.02757076073326663,-0.49923927444922533,0.02757076073326663,0.984159410786551,0.5229507270084087,-1.0657153502533778,0.5588093827340206,0.3474469811780231,0.3643089490757333,-1.2199818310478796,-0.012798221536704834,0.4014958920138694,1.3558212359274517,-0.30731644162087535,1.3570358007186576
left,0.02385205804576905,-0.4937256372755156,0.4992435155739797,-0.027493856719882626,-0.4992435155739797,0.027493856719882626,0.986592068894254,0.5218366117419168,-1.0501074321851998,0.546678170900708,0.3505906742203959,0.3687090747525756,-1.2212933979162894,-0.01924171829910159,0.4013936225363377,1.3605645652711225,-0.30643004184441064,1.3620235445473639
left,0.03120915672994054,-0.487855922374513,0.4992096448260235,-0.028102144271843137,-0.4992096448260235,0.028102144271843137,0.9779938564309748,0.5298156277238757,-1.0356143884552207,0.665183638636746,0.3680479644796153,0.36063588562160537,-1.1926397078267907,-0.020023390373280756,0.4019410442668149,1.3364393338219716,-0.30265697056939705,1.3376397433124099
left,0.030827982049073957,-0.4919958449451742,0.4991411726235491,-0.0292931697156233,-0.4991411726235491,0.0292931697156233,0.987025465184547,0.5231319213716875,-1.0446198723894313,0.6087099505818468,0.373745200894143,0.36699286643170953,-1.2042205493963436,-0.015354435700903748,0.40789894252638126,1.3345410465529268,-0.28446707383622866,1.3469357680016643
left,0.024942094142598806,-0.4885306919431463,0.49920337899025535,-0.028213231022189922,-0.49920337899025535,0.028213231022189922,0.9726953944463065,0.5405508857091237,-1.0494520811523425,0.6698312653560362,0.35437651806908227,0.36440496829453717,-1.1974150273439248,-0.01640398832793718,0.4094171864860244,1.3183371289617773,-0.28933412051655266,1.3229810768974684
left,0.016381280073546348,-0.4845440134782634,0.4992424997168409,-0.027512296823059293,-0.4992424997168409,0.027512296823059293,0.9644019431826151,0.5433856900325523,-1.047320670092113,0.5824423866358568,0.34911453901096673,0.3622446771004839,-1.198322512251182,-0.0181806027054932,0.4052300175707578,1.3111415992450155,-0.29262597634925014,1.3071617228427093
left,0.022016858015162337,-0.4861454898731259,0.4992426447588593,-0.02750966474131218,-0.4992426447588593,0.02750966474131218,0.9676969530667217,0.524107353484097,-1.0474562043786877,0.6369425663679054,0.3509238069785951,0.36412794389387804,-1.198597664759814,-0.030687129267736386,0.40183327988113643,1.3181140909700633,-0.29933584967803706,1.3142259928540894
left,0.025799542164670106,-0.4860947065922264,0.4992777782916426,-0.026864476621764447,-0.4992777782916426,0.026864476621764447,0.9612970710589175,0.532808622694132,-1.0518096466063167,0.6904295457791677,0.34924856529120407,0.35666965673399514,-1.186320054779585,-0.03181287700602347,0.4036789789762473,1.3223799212491008,-0.2941648211673345,1.321748227134252
left,0.025109716717393017,-0.4850869549223972,0.4993897743811089,-0.02469520689496586,-0.4993897743811089,0.02469520689496586,0.9615818805992982,0.5276511452466464,-1.042097075849373,0.5964251042497035,0.34790923281148006,0.3554721286212523,-1.1719750516230902,-0.022776070054300202,0.40379998268508555,1.3208772860077553,-0.294892256007339,1.3201454159182107
left,0.024595265521079587,-0.48382010586817614,0.4993843672883219,-0.024804308255671703,-0.4993843672883219,0.024804308255671703,0.9615044378837173,0.5277989250591604,-1.0411886148301774,0.656514267635485,0.35368510146231585,0.355198980954169,-1.1709461916297417,-0.02449041160177294,0.4026443709696957,1.319168305155082,-0.29625705704589067,1.3184295530300925
left,0.025367256069725647,-0.4802551531522127,0.4993906104378986,-0.0246782942373035,-0.4993906104378986,0.0246782942373035,0.9598504091724028,0.5518985441798644,-1.0367129753246074,0.6830735701943922,0.3544320738717128,0.35457573530023856,-1.1694380467425511,-0.01918671714255497,0.39871074727790556,1.3161431527112535,-0.30552515182022183,1.3130958597188866
left,0.022911222104120714,-0.4806007242664835,0.4994885866147513,-0.022608667399872634,-0.4994885866147513,0.022608667399872634,0.9593213634009636,0.5495882751738682,-1.024953081165756,0.676424348069293,0.3509680285109163,0.35220456627709323,-1.1714734206956314,-0.0225599541625043,0.39527701992966713,1.322585645942669,-0.3070885071388355,1.3153246565017866
left,0.026294201490649503,-0.48089357013077416,0.49933893575318933,-0.02570266991719516,-0.49933893575318933,0.02570266991719516,0.9659815657944587,0.5167547991627491,-1.0307644075012377,0.5771315790277451,0.3459655630076546,0.3573442479571249,-1.1848641785213423,-0.020178776562112238,0.3964213791511683,1.3319708241324022,-0.3050430563727786,1.3271511978600639
left,0.02439200907899327,-0.4794965075564951,0.49938021851931597,-0.024887694782767793,-0.49938021851931597,0.024887694782767793,0.9576994136048493,0.5159739024920434,-1.0387659157348672,0.6373177627760475,0.3469965416384429,0.3556173410432197,-1.17799389772104,-0.007219012889617255,0.39562367963828105,1.3235575223185632,-0.3068517485160527,1.317625583277445
left,0.023641477455686313,-0.4784162531021845,0.4994469228511161,-0.02351108790658789,-0.4994469228511161,0.02351108790658789,1.011386892364717,0.6689125946754942,-1.025858780735436,0.6224509457903608,0.3439133294754743,0.3538395325995958,-1.177770768973494,-0.02458844791012196,0.3966305410535755,1.3272078751223209,-0.3040696395124803,1.3208252639840503
left,0.013366612647071159,-0.4805006909568218,0.49940904949992937,-0.02430228955421941,-0.49940904949992937,0.02430228955421941,1.006693616825069,0.6087814244603161,-1.0418129872430544,0.6533852983631516,0.33754969222910586,0.3576306814028136,-1.1927906729124351,-0.023551311963809975,0.40643759254890166,1.3364938036089442,-0.3037081097782588,1.3312130452408837
left,0.031011326083924623,-0.47832118242243604,0.4992720599540238,-0.02697054225012355,-0.4992720599540238,0.02697054225012355,1.0090668212510046,0.5450853187508247,-1.080512333044707,0.6651160610568244,0.3464304868183586,0.36134247140029485,-1.1934176017212546,-0.00024444748671330135,0.40686002380579833,1.3342840541723047,-0.3066370237672221,1.3337488738657155
left,0.03784533503676811,-0.4748281858026189,0.4993016227263365,-0.02641759911209031,-0.4993016227263365,0.02641759911209031,0.9949198954880206,0.5604120980781472,-1.0592580735449009,0.7047503582683354,0.35437163357418155,0.35405875348889065,-1.1689190281751027,-0.0024030820942845714,0.4089456152114215,1.3151611598023993,-0.2962920492608865,1.3171673189596989
left,0.03164100141182687,-0.476293582113352,0.4991642779776702,-0.028896774751365296,-0.4991642779776702,0.028896774751365296,1.0028991045421187,0.5355863861642277,-1.0661832386645997,0.7086099225051699,0.3723255522611384,0.35951051455763733,-1.1579205166001867,-0.042927201921983106,0.4142157522530387,1.3241391800642999,-0.2965091635558109,1.328780170252109
left,0.03149637978804856,-0.47564372327405297,0.4991685270579589,-0.02882328216542607,-0.4991685270579589,0.02882328216542607,0.9917985980559143,0.5340202093820609,-1.057843720369897,0.7185706014701946,0.3566440504630653,0.3585727325142837,-1.1538907367995257,-0.03163836047654834,0.41267978879996986,1.3126327509096625,-0.2959974223768618,1.3145219487456081
left,0.03293545387745139,-0.474062351277007,0.49926193071054936,-0.027157403100712216,-0.49926193071054936,0.027157403100712216,0.9713220931974306,0.5363848671604574,-1.0590673575419618,0.6912585386058013,0.35980268559733114,0.3609151505351796,-1.1666332253874099,-0.02907670657382347,0.3275600860161633,1.3157747712712065,-0.3069848962359097,1.3141111279132394
left,0.035598101526637574,-0.4751709700772467,0.4992314445685082,-0.027712176999299593,-0.4992314445685082,0.027712176999299593,0.9818830375368064,0.5211434692893011,-1.0553356747144775,0.6954716981244927,0.35485225638604456,0.3605356685295929,-1.164039693159051,-0.026587004955009576,0.3594848447695273,1.3197825305743514,-0.30084365149651865,1.3244131250671043
left,0.017546526929323493,-0.48148076048213356,0.49927991757667384,-0.026824688341707963,-0.49927991757667384,0.026824688341707963,0.9867692634260412,0.5335665710722544,-1.074003918340323,0.6830174178024291,0.36057562896542983,0.36390494874203,-1.1737906318514333,-0.030377290774601266,0.3648300459148084,1.3305066369796608,-0.3136436856847098,1.3265549523505835
left,0.015325735587351114,-0.4797073552524963,0.49930743352618157,-0.026307543129257534,-0.49930743352618157,0.026307543129257534,0.9791322338748875,0.5345988955601418,-1.0703355756566963,0.6797869282263128,0.35038196018729406,0.3651441242899036,-1.1805054892480698,-0.028509265845947117,0.3704700919676754,1.331001462296906,-0.3142303503500092,1.322253766511897
left,0.01754408687827873,-0.48163437085440597,0.49918979182345935,-0.02845262271305272,-0.49918979182345935,0.02845262271305272,0.990614949804851,0.5161093040759612,-1.0463607850544443,0.6584373443939814,0.3564690100611253,0.3604577469293033,-1.1724805761699113,-0.022090582604347916,0.3946173883268382,1.3272272570722956,-0.2985213214067894,1.3346931008317005
left,0.01286497588383734,-0.48283600671631466,0.49925332468177064,-0.02731515685839172,-0.49925332468177064,0.02731515685839172,0.9894366153566877,0.539681249754008,-1.0419947862823162,0.656703741176038,0.3539444762727814,0.3610745237610591,-1.1710247498084063,-0.03277254890860565,0.402850589926337,1.3300483353923136,-0.30068600514504834,1.33761718747396
left,0.0219222553017456,-0.4786717387290093,0.4992809636252033,-0.026805211461364557,-0.4992809636252033,0.026805211461364557,0.9843870402951133,0.5391634639850533,-1.0766799237583524,0.6848676545481123,0.35171122497811497,0.3606121879633922,-1.1573579777489753,-0.01872540880815702,0.410529297503799,1.31375022995879,-0.3013558025985271,1.3178858025028206
left,0.01828027877391487,-0.47747177608795704,0.4993500830767031,-0.025485182583016075,-0.4993500830767031,0.025485182583016075,0.9772733626630749,0.55970908900919,-1.0642482061786276,0.6291885728834515,0.35545201293225553,0.357765090666916,-1.1626369818505131,-0.02129682340452856,0.4058236277668127,1.3127432630232427,-0.30497481467424264,1.3141836575716794
left,0.021549518776348503,-0.47483129621390363,0.4993280779100543,-0.025912749963111638,-0.4993280779100543,0.025912749963111638,0.9623215769096317,0.5531274393206609,-1.0603703726655294,0.6344323303935131,0.35968356101574495,0.3562071512744381,-1.1613257027723802,-0.024291602537181906,0.40860328392925904,1.3190722265652977,-0.2971459443932417,1.3222111122895017
left,0.01715011906726858,-0.4773013128960203,0.4993064590256927,-0.02632603227271894,-0.4993064590256927,0.02632603227271894,0.9664054836699064,0.5570665519199058,-1.067986226228979,0.6474804726885974,0.3605739308086143,0.3568705548514399,-1.148613377542347,-0.0334822429063507,0.40997344523486684,1.3210163228427896,-0.29876228987941733,1.323854930953257
left,0.016811121062001028,-0.47499819878856586,0.49929668434618973,-0.026510771412793736,-0.49929668434618973,0.026510771412793736,0.9672393901619292,0.5534889961901579,-1.0619960271671942,0.6813142509990935,0.35274191520868026,0.3589835006246289,-1.1468548613869889,-0.0321587970717559,0.4090815705127923,1.3192541408695473,-0.3028656367653563,1.3208002359468012
left,0.01884858950021515,-0.47522200535554227,0.49927281802149676,-0.026956505427696474,-0.49927281802149676,0.026956505427696474,0.9658122474141853,0.541164317443898,-1.0244828569636304,0.6657440566976551,0.3581346255440455,0.3584106441230236,-1.144753257235009,-0.029517012678216475,0.4106896362427997,1.3206936902027755,-0.298386167338591,1.323089248438906
left,0.0212939261273399,-0.47263261274284807,0.49929476439494763,-0.026546906557897036,-0.49929476439494763,0.026546906557897036,0.9642275254458057,0.5420797906370455,-1.0258483408582126,0.6784486530361188,0.34664652339004903,0.35876818491875273,-1.144060360008357,-0.018989002630443404,0.4112884687659817,1.3085712650106402,-0.2984531635855776,1.3101279734170592
left,0.018800748323088236,-0.46933969018178384,0.49921085410992116,-0.02808065417405712,-0.49921085410992116,0.02808065417405712,0.9635361107884443,0.5371489025340119,-1.0268651785796994,0.6793090716109603,0.34564710573708085,0.3552052979639746,-1.140305486956874,-0.02937657323977029,0.4230434679570545,1.3082727152566638,-0.2931276839621617,1.3112861197578134
left,0.01852363568868362,-0.4712898105667147,0.49923036963877077,-0.02773153494374774,-0.49923036963877077,0.02773153494374774,0.9673756081989944,0.53621367702452,-1.0257034392909932,0.6029232107532527,0.3607202232939927,0.35101530296799166,-1.1440834184990079,-0.025496152686509156,0.419749766697103,1.3077201070828168,-0.29332333398796534,1.3110729864587582
left,0.024365733501898978,-0.469777808666494,0.49929352455822773,-0.02657021517079557,-0.49929352455822773,0.02657021517079557,0.973323653172249,0.5364034765743135,-1.0210525075789034,0.6419593270941569,0.3669101843254681,0.35581120938631455,-1.139269410193483,-0.021368970906627427,0.4122779837691383,1.3107137486828653,-0.301946685523715,1.3129328427089137
left,0.01872638827601105,-0.4773091614554451,0.4993118819245549,-0.026222977881228304,-0.4993118819245549,0.026222977881228304,0.9823159758606592,0.5299673692059362,-1.0230243291163976,0.6576310550182806,0.3665825925197746,0.36081450088961464,-1.1562115579613716,-0.01957225211752338,0.4104033646380494,1.3225649417810645,-0.30269173623738516,1.3266028298787564
left,0.022375672526374433,-0.473950872107886,0.4992233495423239,-0.027857625019779328,-0.4992233495423239,0.027857625019779328,0.9789410463374183,0.5291199009105434,-1.0171227998351366,0.7239857681987146,0.36423663391336275,0.3606106004782508,-1.1385792640442414,-0.022254436574063546,0.41546781998582344,1.3183325056794641,-0.29767074171785,1.3246692972852392
left,0.015681983313494876,-0.4765203558006304,0.499169696916325,-0.028803015128007956,-0.499169696916325,0.028803015128007956,0.9781541348848957,0.5508993030714333,-1.0171030423087313,0.6907903402748343,0.37039564572763023,0.3646221712634831,-1.1521857824981696,-0.034027758404715606,0.4149976189715135,1.3290257275722113,-0.29782890295613784,1.3333381953392305
left,0.01739247337245699,-0.4773285894439006,0.4991915105913195,-0.028422451575410523,-0.4991915105913195,0.028422451575410523,0.975223214496687,0.5487563961812797,-1.047226190853935,0.6910747149115966,0.3694275549618993,0.36435057634377416,-1.1496036211411327,-0.022139919913359972,0.41446818718297945,1.307740518065222,-0.2999835413336712,1.3078469983351586
left,0.020316262450806945,-0.47505739309112766,0.49923859754043215,-0.027583015169890004,-0.49923859754043215,0.027583015169890004,0.9694565290238433,0.570194669854845,-1.0378999848380674,0.7106237265512737,0.3754463211452182,0.3550295643475763,-1.1323462145811523,-0.0149908248136101,0.41995023914964036,1.3058807110525166,-0.28762458592694035,1.3076955071411187
left,0.00963636224685646,-0.4729350715861579,0.49894111600495056,-0.032523264899675206,-0.49894111600495056,0.032523264899675206,0.9783122961434192,0.5557704711491834,-1.051418317956978,0.6642010418816922,0.38449151100294804,0.37204674340858424,-1.1563163592975427,-0.024088467931707606,0.41873944656377093,1.328123086557057,-0.2914297307151427,1.3331064824954866
left,0.006829918102082608,-0.4730486634016229,0.4990630167822107,-0.0305958376293065,-0.4990630167822107,0.0305958376293065,0.9788583023426074,0.5449053626469047,-1.0798066336623415,0.6977874049350264,0.3835855024202193,0.36891301804991644,-1.150036639096512,-0.021972448290837155,0.41903674484137393,1.3149924676577822,-0.29680378977734434,1.319623054166583
left,-0.01007812797155091,-0.47566410911678647,0.499091320147956,-0.030130618197616102,-0.499091320147956,0.030130618197616102,0.9727041523451068,0.541790596283104,-1.0527011698494004,0.6286644984654284,0.38729249992945686,0.36586341725770377,-1.1482243973624227,-0.022703186013326982,0.41520323010066895,1.312672131142529,-0.296528769083397,1.3129023142725609
left,-0.01221165973177744,-0.4751397209158804,0.4991573642010519,-0.02901595705570339,-0.4991573642010519,0.02901595705570339,0.9669900798419313,0.5377735663925031,-1.042767805285905,0.6759336574711724,0.3681925306776697,0.3659300096395193,-1.1429089533722636,-0.0300295479909065,0.4127425709661769,1.315169981203017,-0.2955448915782638,1.316862587242996
left,-0.012118123519366088,-0.47605498501941157,0.49928680321517627,-0.026696219492089383,-0.49928680321517627,0.026696219492089383,0.9673003260385347,0.5357344259763513,-1.039475573026519,0.6494089210301311,0.36455045504551287,0.3625674379404758,-1.1538911090805832,-0.015731720767489715,0.4107238352323496,1.3212454161267473,-0.2958044916960787,1.3178571788201738
left,-0.007709975875106098,-0.47697545638999694,0.4992959442108984,-0.026524707247158302,-0.4992959442108984,0.026524707247158302,0.9638136181418989,0.5337825726750584,-1.0212360568496028,0.5783622435305181,0.3563423673452956,0.35845285501818314,-1.157372996385685,-0.020128484278399306,0.4138120302347056,1.3295056586035285,-0.2923424232997468,1.315241832806368
left,-0.0035623937490592813,-0.4745938415080704,0.49924491764116974,-0.027468385636248583,-0.49924491764116974,0.027468385636248583,0.9674510849662398,0.5361963808719064,-1.0231387059981496,0.620183439710524,0.344443220978855,0.35842507348859975,-1.1562851122694602,-0.005484840285689375,0.4138671129063594,1.3168577899186142,-0.2920505692388754,1.3109944577601333
left,-0.0026165157487957635,-0.474071894019264,0.4992562477731491,-0.027261677488298445,-0.4992562477731491,0.027261677488298445,0.9680774018797226,0.5304763405436432,-1.0209123417406691,0.5935725709078162,0.34527426131903166,0.35781913096602935,-1.1613932420171988,-0.0056702594103653125,0.41238110132824074,1.3134363356175265,-0.2916709321114826,1.3089582281435648
left,0.0020392433351402116,-0.47067085498185446,0.4992015332524202,-0.028245870466897808,-0.4992015332524202,0.028245870466897808,0.9586111750373358,0.5733852327718297,-1.0344021826464738,0.6676935219500477,0.34560602293692855,0.35316408242600367,-1.146343780458057,-0.003606314456716927,0.4128751336739938,1.3027293711181598,-0.2918639756805347,1.2960431482483359
left,-0.003603398831804302,-0.47309558621535824,0.49916107067672044,-0.0289521246348193,-0.49916107067672044,0.0289521246348193,0.962559604382891,0.5506216630663472,-1.0324259674941427,0.5596752723422441,0.33847086513793484,0.3586581244927015,-1.156249867933931,-0.004883741111775295,0.41213737418760676,1.317202148962432,-0.29307334005392033,1.31246640590078
left,0.0008774789271496972,-0.4724594441166361,0.4991724339229265,-0.028755542273821672,-0.4991724339229265,0.028755542273821672,0.9641421650017022,0.5483438946190006,-1.0289136254244933,0.6548029138901283,0.3479893741963154,0.356927464379127,-1.1245154224514626,-0.008493722813403284,0.41472141588347355,1.3136663133226552,-0.29394716045783037,1.3095303847322308
left,-0.0011448179996322455,-0.4789888623908259,0.4990335779048539,-0.03107230476614345,-0.4990335779048539,0.03107230476614345,0.9676799432162416,0.5177760710951783,-1.0193784634422771,0.6287108262632636,0.34101643821397776,0.36650738029152113,-1.1372250545661826,-0.004037765694573447,0.41579289826119303,1.3149342973502869,-0.2831656351932601,1.3223446192754174
left,0.005114548480274598,-0.47413492078097447,0.49905656446812524,-0.03070090326475766,-0.49905656446812524,0.03070090326475766,0.9612948983021095,0.5145399335309909,-1.019970973308819,0.6585939962970704,0.34362009207970506,0.3630822216918036,-1.1215304955729424,-0.0198719776663557,0.41736105506345444,1.3089416044393678,-0.28595178609146304,1.3147040075108907
left,0.0076416482782949244,-0.4777488732186627,0.499051985793786,-0.030775241270846496,-0.499051985793786,0.030775241270846496,0.961608718324572,0.5206072705311928,-1.026468408804273,0.6868417897966114,0.3514053483403658,0.36794159030290097,-1.1137073530624542,-0.018809561429894036,0.41616134486328166,1.3173233346020765,-0.2882000848592212,1.3206582300686844
left,0.010472734797795818,-0.4787603942567398,0.4990689629188123,-0.030498692613638034,-0.4990689629188123,0.030498692613638034,0.9639696354396738,0.5051477634728843,-1.0317910654728935,0.585360035049519,0.3469352432074908,0.37002463448448575,-1.1638363841985195,-0.016554606857461206,0.4223191726545819,1.320554126629552,-0.2698942957674316,1.3300712675397854
left,0.027244306572677707,-0.477528174198796,0.49915640972349146,-0.02903237213790756,-0.49915640972349146,0.02903237213790756,0.9454195371395799,0.5076690170993039,-1.0170750433566784,0.6343196134529787,0.35335677191099346,0.36580883260383634,-1.1141605776311951,-0.005391800536945016,0.3442075322226915,1.292086154350764,-0.28683125770544443,1.3158644241831057
left,0.02896291217624271,-0.47694191207253517,0.4991706363793822,-0.02878672917513514,-0.4991706363793822,0.02878672917513514,0.9468662344805445,0.5290135003739129,-1.0179841710644202,0.6777949158371482,0.3524502489932493,0.36176518472661356,-1.1136772738185194,-0.008901054172129228,0.37001741456312265,1.293793038030506,-0.2872494071306106,1.314341289542643
left,0.015032265253767265,-0.47883635988382506,0.4992227562066165,-0.027868255874186565,-0.4992227562066165,0.027868255874186565,0.9548230932832944,0.5288303665952743,-1.0134195660330112,0.6788275631792806,0.35552451821406084,0.361458233503651,-1.1344752568516423,-0.006250452511191103,0.39504197610513336,1.3136921236241712,-0.28182824256965205,1.3295068625482285
left,0.004914693546024915,-0.4755179509825457,0.49923480484102645,-0.027651575639413863,-0.49923480484102645,0.027651575639413863,0.955002075071103,0.5214139787276646,-1.0082159137515403,0.6747141347678194,0.3567720240260866,0.36089922147595593,-1.1261888680394312,0.0005760744924877888,0.39737819651477285,1.2997177649732488,-0.28894579237176005,1.3131957633961828
left,0.010006738621656321,-0.47238396556204165,0.4991576244666963,-0.029011479396346185,-0.4991576244666963,0.029011479396346185,0.9623018397764871,0.5196509064770886,-0.9957199504461143,0.6837448198144235,0.35480477049576775,0.366037275730817,-1.1387073542580037,0.0026090939245739108,0.3998179868668539,1.3133999090757336,-0.28497264634786307,1.3281321351624342
left,0.012392750876298384,-0.47578441703578533,0.49923318098221386,-0.02768087799149612,-0.49923318098221386,0.02768087799149612,0.9540176270068615,0.5604965862553155,-1.0068514621187237,0.6865815751674886,0.37906623405760864,0.35656636867969754,-1.1293046125283053,-0.00357934335002532,0.39871418738531256,1.3024618742042198,-0.29106561161648536,1.3076989558352217
left,0.007184746689455122,-0.4758780802669489,0.49915426997563705,-0.02906913767363656,-0.49915426997563705,0.02906913767363656,0.9589659765146147,0.5435398277040998,-1.0154021721159299,0.6757807058721699,0.37692020285336747,0.354599849990381,-1.1461670903674002,-0.010035979446648895,0.4067278922032199,1.314789712756275,-0.2849392041246742,1.3205370958820284
left,0.008401538193337468,-0.47828897133439824,0.4993281410174907,-0.025911533880050398,-0.4993281410174907,0.025911533880050398,0.9574434473652115,0.5378025252767675,-1.0259276175717829,0.670549481405316,0.3764672960680384,0.3523266799190705,-1.1402874813045978,0.009182470102372838,0.4075258501433062,1.3059650558640927,-0.2883792644540927,1.3102792192426265
left,0.020006321418058543,-0.48041112799203706,0.4990405565700768,-0.030960020966206155,-0.4990405565700768,0.030960020966206155,0.982133400777511,0.5251608976691864,-1.0404700182607114,0.6829426296834183,0.3892336357457477,0.3659159547066141,-1.1465401173712524,0.010012938868114581,0.4192478017587768,1.3249457378817997,-0.2829645809192907,1.3394017420087398
left,0.023546177819260418,-0.47960841617684274,0.49903904198319615,-0.030984424740404398,-0.49903904198319615,0.030984424740404398,0.9914631768877922,0.5198288154987857,-1.0462415090526727,0.6834393061461544,0.3971781873210445,0.36471976378160825,-1.140780322671826,0.007798959319317853,0.42037128981516825,1.3087828404869037,-0.2834030616923429,1.317060772116491
left,0.03220588273437861,-0.475294849085762,0.49890104066997226,-0.033132334937620786,-0.49890104066997226,0.033132334937620786,0.9913865246398639,0.5205591962901318,-1.0065905695273891,0.6843218150948409,0.40174984912913847,0.3665342666083513,-1.1332342116454857,0.001636633397183368,0.42194418323566174,1.2870280787369148,-0.2814455712634124,1.2909543115380941
left,0.03274160998033196,-0.4717301002658854,0.4990586094051426,-0.03066764383850346,-0.4990586094051426,0.03066764383850346,0.9932641489741626,0.5219630146765312,-1.0088678544178762,0.6854815916682341,0.4025697213853376,0.36724098490881224,-1.1406367601208405,-0.01579758546337334,0.418850700075008,1.2984512139304913,-0.28839850314789767,1.299745657506953
left,0.03126782643150126,-0.4753177065878805,0.49922929468184063,-0.02775087983239286,-0.49922929468184063,0.02775087983239286,1.0003041153124625,0.5329481803649463,-1.0574068261179783,0.6905249839093968,0.3980626730709954,0.3604798207205008,-1.142076635014705,-0.019959538616727748,0.4152998749951015,1.3113832496150113,-0.28852012263482546,1.306052877850441
left,0.029863291132578546,-0.47328080358130203,0.49887680790737965,-0.03349523148365125,-0.49887680790737965,0.03349523148365125,1.0043745714419177,0.5439112874510993,-1.0760278269766204,0.7057127631817294,0.39477944894632755,0.3709388603017338,-1.1658898026014908,-0.01634772772966014,0.41737895865998637,1.3290142438612889,-0.29251393168758105,1.3287743755880863
left,0.026474431552146443,-0.47314543599558,0.4992095835220066,-0.028103233262113014,-0.4992095835220066,0.028103233262113014,0.9875046022352836,0.5605027044553069,-1.0788813074829695,0.6946709467368496,0.3804729740559657,0.36301019218066066,-1.1618238916017967,-0.014699287124723251,0.412602125815839,1.311966868342614,-0.2955254466762023,1.3076154914356712
left,0.022907195235603243,-0.473230019171768,0.4992479506556264,-0.027413204230029103,-0.4992479506556264,0.027413204230029103,0.9813306444963159,0.5343686284086715,-1.056937253068197,0.6204352866372119,0.36944547001225647,0.3767111873851746,-1.1689132346625217,-0.018940195800525216,0.40385334443288606,1.3142126558201237,-0.30285375639302353,1.3081049382533465
left,0.01550207316454636,-0.4766858561679482,0.49916265793479014,-0.02892474586708805,-0.49916265793479014,0.02892474586708805,0.9969288693789401,0.5162076579910928,-1.0520927781042606,0.6639662313930083,0.36914926962558386,0.3743471114008137,-1.166308909083457,-0.02468011658304974,0.4037310253705076,1.3179006478867221,-0.2989341509227238,1.3211087648502735
left,0.02292800486502018,-0.4712601140935657,0.49927757614417706,-0.026868233280130393,-0.49927757614417706,0.026868233280130393,0.9867870479440015,0.5338275538145222,-1.0475107681860736,0.6790912152575699,0.366524613147213,0.3720233503087372,-1.1639322768020044,-0.004041075330759354,0.40083121171527825,1.3176168291645214,-0.3010498778383712,1.3168206350680611
left,0.02565477150169006,-0.47041136681199663,0.49927565531777257,-0.026903903192822605,-0.49927565531777257,0.026903903192822605,0.9847441899622167,0.5347342114050541,-1.044447263494442,0.6911591103523765,0.3666215922615101,0.3716859611625029,-1.1633576494339275,-0.01006617179462829,0.40139680837510167,1.3256538941868352,-0.30060016453174015,1.325990093033643
left,0.021769613811101634,-0.4689090596709885,0.4991951254849841,-0.02835889088153739,-0.4991951254849841,0.02835889088153739,0.9773070082678734,0.5343815867533784,-1.0339138419581881,0.6996504965731793,0.3598198205077194,0.3686196283615487,-1.155454854140637,-0.009515788863943402,0.42032980696594224,1.324155630300186,-0.28771190673310004,1.3303378279026463
left,0.021959762053631107,-0.46770307645133946,0.49906048270149744,-0.030637144216593807,-0.49906048270149744,0.030637144216593807,0.9850657760734267,0.5123764224306058,-1.035743648563305,0.7071949941623765,0.3573413850403258,0.3725724049101199,-1.1457667912744516,0.0022491328634893838,0.4266757075483283,1.319359378034215,-0.2813987029816232,1.3365503890049601
left,0.0377144508275914,-0.46478632992398367,0.4993034110551201,-0.026383777377808327,-0.4993034110551201,0.026383777377808327,0.9814251772900584,0.5195090282391774,-1.031802300675517,0.7107597017791654,0.3584644543192456,0.3834782081479988,-1.1404429537446765,0.007155053938177066,0.4254995287059583,1.3252612882440227,-0.28766009149237254,1.3394316064682945
left,0.03644017331157774,-0.46099209808714525,0.4991811180682555,-0.02860439414017345,-0.4991811180682555,0.02860439414017345,0.9717835019571751,0.5534676911448356,-1.0274263431666542,0.7034550019649554,0.3707432876948256,0.37359056172357064,-1.1256722611318295,-0.012011738667478964,0.42732195547952573,1.316540020666468,-0.2843847437867532,1.3234772659322644
left,0.0355669386304882,-0.46029174724839367,0.4991214543769261,-0.029627247267710707,-0.4991214543769261,0.029627247267710707,0.9722556894138511,0.5462829429470148,-1.0174607834324623,0.6950761480850152,0.3694638037386045,0.3745234768401995,-1.1283051850985315,-0.009183326681773157,0.42492048100544383,1.320997693373852,-0.2857173175728122,1.3259829014814808
left,0.02992210146142406,-0.45854261724984147,0.4992521028932612,-0.02733747897404751,-0.4992521028932612,0.02733747897404751,0.9670664348389384,0.5384820097315964,-0.9939939247461153,0.6798433377520546,0.3683615777002385,0.36483025036442973,-1.1183983579433694,-0.011251544050231436,0.42334723119871537,1.3088206622227225,-0.28641106478878325,1.3127433045739634
left,0.025817635807006054,-0.46043764542382215,0.4992442955935324,-0.027479689177967045,-0.4992442955935324,0.027479689177967045,0.976613289671023,0.5432368242531083,-1.0449630403382462,0.6933736759371095,0.3730720821395513,0.36575315170841516,-1.144418563300874,-0.008992784659550545,0.4241146383811165,1.3189673642068516,-0.28999696502495587,1.3204244239653244
left,0.024984704809326432,-0.457258495923092,0.4994075564419619,-0.024332952321259056,-0.4994075564419619,0.024332952321259056,0.9756824102428628,0.5464904651471537,-1.0573462160032279,0.6950673262315522,0.3645232384792178,0.3680162992627718,-1.1474826915423466,-0.0023353771784757134,0.4197311538141648,1.3041576613135522,-0.2937137014700321,1.2985086430299522
left,0.021759791590400052,-0.4607306165445806,0.49944318662877585,-0.023590322806052354,-0.49944318662877585,0.023590322806052354,0.9641488050592055,0.576532368373972,-1.0635061272819626,0.7025885078712432,0.3616772605101419,0.3526517209554677,-1.1461101736286432,-0.009029066425529796,0.41650789145684086,1.3239086092405832,-0.2945281966671131,1.3202789157150154
left,0.023851800967122846,-0.4646729176905084,0.4993133912583542,-0.026194222837903097,-0.4993133912583542,0.026194222837903097,0.9686248949216949,0.5324054084406623,-1.038781468911898,0.6983421271400029,0.3608150215299312,0.35822958659524606,-1.1446601684337325,-0.018561062626808074,0.42126821621225763,1.3350286422574134,-0.2870394175917482,1.3344460940560423
left,0.0226440168465348,-0.46652986270540414,0.4992341719893535,-0.027662999080082355,-0.4992341719893535,0.027662999080082355,0.9697592130272564,0.5322282444051128,-1.0313469556561672,0.7056630060318981,0.35784526247408205,0.3586048816581023,-1.1378488878127702,-0.012577040548156943,0.4221052148687335,1.3278016278736335,-0.2884397058131894,1.3313194698264352
left,0.02740257373961585,-0.46068617330611866,0.49931701021503894,-0.02612514707929244,-0.49931701021503894,0.02612514707929244,0.9658130216672666,0.541467710331315,-1.0470015439910083,0.7025988511601189,0.35438452229498224,0.36828312160685894,-1.1443118532343366,0.006789273923299204,0.4081092203216228,1.3228837658867678,-0.3041043895181109,1.3172715537890425
left,0.030209899327238214,-0.4612791702431023,0.4994571249047553,-0.023293354886655335,-0.4994571249047553,0.023293354886655335,0.9606716858368406,0.5568988169684085,-1.0501022367258424,0.6945861708159656,0.36178415256745283,0.3619815973750932,-1.1511868842191981,-0.006209184806906816,0.40892609827142457,1.3109253335754725,-0.29890440625757997,1.3066039154627207
left,0.03244854837480886,-0.4616655597348814,0.49936979686504923,-0.025095935506761046,-0.49936979686504923,0.025095935506761046,0.9651959675535084,0.5517082403344888,-1.0391282109477151,0.6962178814461106,0.387185351528272,0.36511914564986525,-1.1552836180069102,-0.005256923359615603,0.4095299417970527,1.3072773115139893,-0.2987321349528813,1.3047031454650486
left,0.03641812159400557,-0.4595123925389397,0.4992270409118197,-0.027791394755000205,-0.4992270409118197,0.027791394755000205,0.9661753516620807,0.5368730384776245,-1.0324590449871622,0.6932647845985077,0.3845191983346957,0.36475362148037677,-1.1530935260751483,-0.012745575573042608,0.41060702492121576,1.306206314972011,-0.29647950549496926,1.3048119752778602
left,0.03584973248548907,-0.46381285000507616,0.49917083908573356,-0.028783213970032605,-0.49917083908573356,0.028783213970032605,0.9807862294777094,0.5190207036418834,-1.0485875190809688,0.6823342175587339,0.38622723477812393,0.36196946747898745,-1.171946728856406,-0.031753379427804714,0.4120814525310047,1.3082382814863542,-0.30024342124786774,1.3128845508102363
left,0.03955217485517879,-0.46227697635974774,0.4992894880021781,-0.02664595974107259,-0.4992894880021781,0.02664595974107259,0.9808684493735761,0.52727425772217,-1.04897320478537,0.6400822266528894,0.38401036587976,0.3645526757797285,-1.1776611866493056,-0.07585073910257183,0.4121945825394107,1.3144142738426106,-0.3011731458332822,1.3137580807220752
left,0.033636237979477145,-0.4591740446295208,0.4990151690798525,-0.03136655907501146,-0.4990151690798525,0.03136655907501146,0.9870202748346394,0.5210040157618048,-1.0316197941056446,0.638572804857807,0.37784828992989183,0.3747244858414153,-1.2155415494646227,-0.07291281141329617,0.4106899836171276,1.321322358425521,-0.2991989530225415,1.320462407554315
left,0.024757101906585494,-0.4668191598242233,0.49920695962954886,-0.028149803861163024,-0.49920695962954886,0.028149803861163024,0.9677507319133601,0.54285762217047,-1.0321253093385434,0.7154432012864252,0.38150062083520087,0.3522286820126824,-1.2080435076264309,-0.07305684340436111,0.399524240081218,1.3294005917713425,-0.30764082139918464,1.3245489287789278
left,0.02859911351832444,-0.47042937995317247,0.4991237207170014,-0.029589042188228838,-0.4991237207170014,0.029589042188228838,0.9652731692616793,0.5406183038798864,-1.0037485062049678,0.6812462744114446,0.3615811085820611,0.3545243840312727,-1.230619983246469,-0.03148207180275782,0.41136745080970516,1.3347059390894118,-0.292394162442461,1.3406586823409414
left,0.03703034653215081,-0.4731282259323731,0.4991105719327017,-0.029810014844200018,-0.4991105719327017,0.029810014844200018,0.9803392435980446,0.5225638678502249,-1.1290750003598944,0.7039873933326369,0.3646962011202004,0.35515782466120993,-1.264498580278811,0.04002566043264766,0.41017616755024067,1.3396650836008384,-0.30465222462847247,1.347254580236635
left,0.036715279931487876,-0.47834592245087365,0.499256570379757,-0.0272557687956643,-0.499256570379757,0.0272557687956643,0.9843190917388007,0.5120736867623623,-1.06765781900045,0.7103498048555408,0.3507662012088712,0.36348833240172884,-1.2840607035448024,0.22171057320181015,0.39252442337451315,1.3541058898688658,-0.31593568308657166,1.3601704848701484
left,0.021455959769728805,-0.4934723812496566,0.4995198380430483,-0.0219073367036434,-0.4995198380430483,0.0219073367036434,1.0053359906882346,0.5394529226587089,-0.8979856724540656,0.6029005101955174,0.33725022679990424,0.38569951559242516,-1.1113990313256144,0.6055800859472659,0.3857922044523111,1.4038487269265545,-0.33461912737933974,1.4019105701120613
left,0.02033078569967631,-0.49847324267183124,0.4997246378457072,-0.016591754879358815,-0.4997246378457072,0.016591754879358815,1.019262282661339,0.5490756418016034,-0.8670204829696345,0.5783878023998064,0.3264565563220826,0.4112920539249377,-0.8579263376991246,0.615612739285677,0.38105368859685845,1.4355488247263148,-0.3479291893410977,1.4364313569537022
left,0.022437237072225467,-0.5045580765191988,0.4998639552240078,-0.01166302995842555,-0.4998639552240078,0.01166302995842555,1.0302102711835663,0.5646482831610231,-0.9502607263107468,0.6062346776180803,0.3092593214279133,0.42097409660642926,-0.9913358702151677,0.38229096803553236,0.3787696996812952,1.4574870515681784,-0.3557541556808328,1.4611524138871919
left,0.02872612288545976,-0.4998878020210067,0.499871474500401,-0.011336180167718894,-0.499871474500401,0.011336180167718894,1.0063582391489456,0.5615869959987223,-0.9033977456627291,0.5785211112774447,0.29394003023970633,0.41842087944554895,-0.9586319909995165,0.70980135646789,0.37294244459564,1.4352674549287177,-0.344109206459317,1.4397034078277697
left,0.030378376930977048,-0.5034594716446131,0.4998676053265903,-0.011505526718068563,-0.4998676053265903,0.011505526718068563,1.010588512413779,0.546459327313026,-0.9338072135493762,0.5278056500187072,0.29136582382197873,0.4288787007906746,-0.9951954522823167,0.6160231002536155,0.3710470122145065,1.4334310986871854,-0.3466996977284489,1.4401959202524075
right,0.03542754405085671,-0.47346390145643363,0.4999973220747987,-0.001636434548041096,-0.4999973220747987,0.001636434548041096,1.0677508775630145,0.4727138141612785,-0.8741062688287372,0.5281716169577192,1.366842912235306,-0.04583675727318918,-0.49998940926359337,0.2585371350776186,0.3912080372180056,1.3872280335879574,-0.3194490003543898,1.3589144889635267
right,0.04190901882980691,-0.4758546885138194,0.4999950418482721,-0.0022266852369930315,-0.4999950418482721,0.0022266852369930315,1.0656792885285498,0.46478669056291094,-0.9501408423640075,0.5543294541267225,1.3692704326612406,-0.04578154716200971,-0.4995089938996826,0.26668477358884357,0.38856600829515225,1.385870998678815,-0.3194157696393346,1.3615816902696125
right,0.04656773400464014,-0.473821428152606,0.4999922601768924,-0.0027820429908101177,-0.4999922601768924,0.0027820429908101177,1.0841390507036985,0.4563076593173698,-0.8840693867099163,0.7438307482331349,1.3707524620953904,-0.059743344142816686,-0.4634465741738392,0.3211547859618695,0.3901844800620696,1.3763894150917906,-0.31452254896996,1.3528782904616234
right,0.038721377227568105,-0.4746567215990311,0.499988983852353,-0.0033190399653287364,-0.499988983852353,0.0033190399653287364,1.097477344961149,0.4813816182693796,-0.8555901718145273,0.7749384208344643,1.3686012665433853,-0.06624707352205073,-0.5176748828725747,0.3213707655532238,0.38814057320031864,1.3816067964450285,-0.3174284498545581,1.3589054192472627
right,0.031121030157697023,-0.48379022365084795,0.49999976701699,-0.0004826830799520385,-0.49999976701699,0.0004826830799520385,1.0950235898395329,0.4758989397887714,-0.8588002068063239,0.6515609108377545,1.3632713560878196,-0.0348486992528072,-0.48386676864581724,0.31686680463160727,0.38755395934120807,1.3869379250755431,-0.32371336865371586,1.3627078539268846
right,0.03715577274344416,-0.48196402946939004,0.49996585236222124,-0.005843498243142028,-0.49996585236222124,0.005843498243142028,1.1060999845056367,0.46567028457772064,-0.8410490943507545,0.7661975756055038,1.3741590528225531,-0.06582544476162466,-0.5468220869761214,0.3834681105096737,0.390065610654462,1.3819654873837615,-0.31742683919158526,1.3593533477502122
right,0.035581210898849816,-0.48142520269811795,0.4999579595496212,-0.006483724468189169,-0.4999579595496212,0.006483724468189169,1.10520605442546,0.4635003829996098,-0.8051834329408456,0.7520211727282723,1.3822848855797996,-0.06664347031842557,-0.49686874973305234,0.37666614491251205,0.39634260161107077,1.3837234476487623,-0.31466607958609266,1.3634818030729237
right,0.042639097878560996,-0.4818928482335084,0.4999213294140964,-0.008869295171688387,-0.4999213294140964,0.008869295171688387,1.0612487502263828,0.4665582185369699,-0.828895342427011,0.8231755373970672,1.3616978946997096,-0.05740481816069063,-0.4769261096436594,0.3717306157653859,0.40010791828186293,1.3659293479759,-0.3047667744877513,1.3613097203646078
right,0.04326130492960147,-0.4747564330059932,0.4999048176219046,-0.009755681340139481,-0.4999048176219046,0.009755681340139481,1.0830876981249193,0.4556899389451257,-0.8277798659118804,0.7854821073228231,1.3668646098829424,-0.0706670147483201,-0.4703296356256579,0.34681173080298355,0.4034534461634169,1.3658700846177265,-0.3041703346209936,1.3585140138909668
right,0.03567835688641862,-0.4807454403723074,0.4999983657862473,-0.0012783626567076085,-0.4999983657862473,0.0012783626567076085,1.0953736606527074,0.4579509640431532,-0.8576550226231681,0.5689501271871792,1.3832371019783203,-0.06944912061771105,-0.4149010555399905,0.3337377615814474,0.3962588288262829,1.3686359396145769,-0.31533535456426914,1.347844885998443
right,0.028836285934089316,-0.47528542262757706,0.4999663638857155,0.005799567474929742,-0.4999663638857155,-0.005799567474929742,1.0808233041013893,0.46250263539261727,-0.8936337904047348,0.4953954751895627,1.3952638363116434,-0.05553258562759161,-0.3936681907275729,0.32604201597757976,0.3809156178263831,1.364050097567296,-0.3293710994892115,1.33194801133283
right,0.014529808195953434,-0.4713745836753626,0.49989461316355,0.010265268143831295,-0.49989461316355,-0.010265268143831295,1.0985625928032543,0.46681473831244213,-0.9096399257174873,0.5145523672836609,1.40591282148542,-0.049844719753395446,-0.4129911351382893,0.3210414318835954,0.37794876892477886,1.3799586072677457,-0.33936969831205177,1.3385225495975424
right,0.011268905902440207,-0.4746625409466271,0.49995287977997144,0.0068642552191342295,-0.49995287977997144,-0.0068642552191342295,1.1214646270632591,0.47679926244631887,-0.9276122810146544,0.6704656581591091,1.4018777334714378,-0.057157566363827045,-0.3804432976745035,0.3317828502377493,0.37788687499716117,1.3712072597628222,-0.3346258561917336,1.33999965442206
right,0.038242006783787315,-0.4802684815273558,0.4999733883023336,0.005158584058043303,-0.4999733883023336,-0.005158584058043303,1.1297113062585686,0.4782861100529599,-0.8680638173403002,0.7053669005145261,1.4216032244944008,-0.05876116008209249,-0.5358149172891317,0.3257771782737961,0.3863335602902418,1.3888893621664786,-0.33188066921167964,1.366129368981107
right,0.037801238320344537,-0.47608322459303504,0.49999487612670845,-0.002263591623396356,-0.49999487612670845,0.002263591623396356,1.088475342525417,0.48216726949466204,-0.8481242618091661,0.8181874318177939,1.3767727371074585,-0.05780356587545114,-0.5081402444900934,0.2924838199545075,0.38095856611609846,1.3726543147300223,-0.3272688210783906,1.3566723579487248
right,0.04334083198221722,-0.4742862563611465,0.499978037110855,-0.004686406595303204,-0.499978037110855,0.004686406595303204,1.0745761044216564,0.4674586975467265,-0.8665020870053813,0.7919249384438116,1.3646785715592107,-0.06537940811593913,-0.5080208430075631,0.30705498635311673,0.3818663363106454,1.363492528727588,-0.32060342363121647,1.3488564690703233
right,0.04222318424375884,-0.47380756607091723,0.4999696981348412,-0.005504629592963728,-0.4999696981348412,0.005504629592963728,1.07133589426857,0.46499197030065453,-0.8607879651150222,0.785977701653623,1.3652470320872363,-0.06567089543394714,-0.5072263284981985,0.30922122512103006,0.3856425537065687,1.360303192235334,-0.3206117335082877,1.3451627518110367
right,0.029789768203659035,-0.47846680369120964,0.49999500627904353,-0.0022346579199483078,-0.49999500627904353,0.0022346579199483078,1.1140297566414872,0.4753434766784725,-0.9151408594165302,0.5111446194689873,1.3882020909355597,-0.06730436417585084,-0.5602731586367582,0.313045806606442,0.3785415654473309,1.3783514318944712,-0.3399506026018002,1.3465825792750235
right,0.023622786133706514,-0.4774610185618976,0.49999566207260876,-0.002082764646722247,-0.49999566207260876,0.002082764646722247,1.0765409296415196,0.4786918364113593,-0.9252282374008991,0.5425271787841421,1.383479907965341,-0.06676214502746082,-0.49543557206829303,0.25281981720487995,0.3837430888824204,1.3779652293166345,-0.33266534668397446,1.3565292067404868
right,0.031015666726351292,-0.4747611378369085,0.4999308684666832,-0.008314250065275839,-0.4999308684666832,0.008314250065275839,1.109959954459368,0.48038921987712446,-0.9030893843569796,0.7819366345615796,1.3643408306029097,-0.0728329799125405,-0.44310515092235153,0.3013706620773928,0.3887579653962658,1.3557475164344694,-0.31995922646217284,1.3409221090470012
right,0.036941874384889876,-0.47314870824322475,0.49986190937503716,-0.01175038535292308,-0.49986190937503716,0.01175038535292308,1.0981271723745505,0.4913732129765479,-0.8534709026543835,0.7941117623526016,1.3513456068355565,-0.07650232353900668,-0.42832708257410457,0.33034338364881544,0.3854983193010264,1.3632225156227356,-0.3233699355127026,1.337514790759346
right,0.03984907422492771,-0.4699718903321158,0.49983931195854747,-0.012675260186911647,-0.49983931195854747,0.012675260186911647,1.0945295551196792,0.4909349658199188,-0.8536236669877927,0.7840453005848999,1.3510752090666454,-0.06352089889976376,-0.43979358200509455,0.28917250825068924,0.39328375296110263,1.356650919939901,-0.3181080386846572,1.3378595723250994
right,0.04100707179666004,-0.47039517042890866,0.499956193164982,-0.00661852823361723,-0.499956193164982,0.00661852823361723,1.189488393786474,0.5859043933181804,-0.8168409058082796,0.828656130004217,1.334836634752264,-0.07293611899538915,-0.42999928155618705,0.28344933996747246,0.3905813979556423,1.3444331860123715,-0.3139273176645365,1.323193668563548
right,0.036743369908495575,-0.47068139415524096,0.49997765973706704,-0.0047264959373301395,-0.49997765973706704,0.0047264959373301395,1.131602143506408,0.5490830161656992,-0.8345354435228728,0.7270795692956559,1.3422453970449753,-0.05718216928385245,-0.4386156415878887,0.2933497185613108,0.38892480318506256,1.3564994139971602,-0.32156683906644573,1.3284107498728814
right,0.03894365012869119,-0.4652026673351854,0.49999681422945924,0.0017848698528586638,-0.49999681422945924,-0.0017848698528586638,1.1321516343626674,0.5050156877932875,-0.8484055488324113,0.6515279602083474,1.347014389743399,-0.05386586212366603,-0.43245427148136417,0.30229825965934853,0.3877222809149624,1.3409921684691621,-0.3269450082398601,1.3101348431302073
right,0.04299293523544703,-0.4634422074561357,0.49998504138694777,0.003867607696255784,-0.49998504138694777,-0.003867607696255784,1.1294787984912904,0.4857635240641483,-0.8154467699303225,0.7443178040986621,1.3505311581612758,-0.05197893775008893,-0.3929306558853311,0.321056081714867,0.387889665964938,1.3436962580147154,-0.32627081839278815,1.314623966061394
right,0.04211857580209186,-0.4663083634398495,0.4999901653334312,0.0031360117742325697,-0.4999901653334312,-0.0031360117742325697,1.0744835557292813,0.4996731869687146,-0.8021589399779211,0.7628294828645392,1.3523578506780458,-0.03533025500793938,-0.3751703689793155,0.34269157360894487,0.3721202986949237,1.3530380877850507,-0.3394960265826692,1.3159435289000618
right,0.020571857608246855,-0.46216595960237844,0.4999918681650829,0.0028516256399412107,-0.4999918681650829,-0.0028516256399412107,1.076314162328731,0.48834007962957654,-0.8269511799061873,0.649826201073083,1.353327039416049,-0.038845963249270525,-0.38357342572798275,0.31861609244045325,0.38045392040164866,1.3553406656389788,-0.3359512152662301,1.3179152546334318
right,0.018214958097684076,-0.4668216646703211,0.499991365729153,0.0029384002954613293,-0.499991365729153,-0.0029384002954613293,1.100571316850896,0.483644651928081,-0.860027678360305,0.5663615608217566,1.3571657921574463,-0.040607968259097134,-0.3995321623998061,0.3040668357027476,0.3814535206821877,1.3646112570030209,-0.33644699566762143,1.3283001677873785
right,0.013539212786509311,-0.47113764574632994,0.4999887067352193,0.00336052633420746,-0.4999887067352193,-0.00336052633420746,1.0997387806438756,0.48519638008115,-0.8409604807472215,0.6618955893536487,1.3511142471400328,-0.040159023953105735,-0.49087471835631047,0.31647688287677755,0.378958779497652,1.3756825752328319,-0.33931750759402934,1.341129125117116
right,0.013142846671343876,-0.4736552443709567,0.4999958481653003,0.0020376009084109546,-0.4999958481653003,-0.0020376009084109546,1.1045805654165883,0.4717643674112836,-0.8422517609675177,0.6861557131126682,1.3519371825732103,-0.04157590665600482,-0.517909245141942,0.31559070123589283,0.37790563392757515,1.3756456596878386,-0.340104027757762,1.3414881258105735
right,0.01621364203424805,-0.479396021083618,0.4999934933353418,0.0025508081702648095,-0.4999934933353418,-0.0025508081702648095,1.1144960611911208,0.4519314069485154,-0.8680806048631351,0.5979699221057866,1.357944914002295,-0.04472729488019735,-0.5221930247685782,0.32067102820969484,0.37258674522461815,1.3839510572746405,-0.3447143091701048,1.349549828052591
right,0.014628183963379917,-0.47734635459238073,0.49999155221269503,0.0029064954739185683,-0.49999155221269503,-0.0029064954739185683,1.106576163920255,0.4572567153371897,-0.8698901939119539,0.6125813178605305,1.3492280980306992,-0.0421023608840658,-0.4126853249575818,0.3240342673747953,0.3716209946085629,1.3586484943439514,-0.34235629135740353,1.3290754727636727
right,0.011900263049064956,-0.47380283353024244,0.4999915348030358,0.0029094888390670546,-0.4999915348030358,-0.0029094888390670546,1.1041558457425131,0.48179600288001273,-0.8849770320583904,0.5969572709321183,1.3439538917214324,-0.0448622055685402,-0.40553792343859585,0.3226373542168506,0.3748288957661061,1.3527790617387268,-0.33680206333281637,1.3230205108527189
right,0.023692930808644184,-0.47389319555285575,0.49999017089197834,0.0031351254217824227,-0.49999017089197834,-0.0031351254217824227,1.099329382217361,0.480199928469549,-0.8854702893173297,0.6058551081280121,1.3429249329561004,-0.04794881061420189,-0.40868543034091587,0.30026299775010656,0.3810552814015585,1.3543109962520576,-0.3282178123225701,1.3279398676468408
right,0.02515487106478228,-0.4776094029712028,0.4999983576191173,-0.001281553036474303,-0.4999983576191173,0.001281553036474303,1.229423363350135,0.5492528855367476,-0.93853257433142,0.5572050838966655,1.335655347951319,-0.05630164539600395,-0.5200567632991325,0.2936674954969078,0.38489634986884325,1.3668478620440274,-0.3266381853519913,1.344309520478917
right,0.023599644550026756,-0.4836959670312667,0.49997835053978096,-0.004652847678565064,-0.49997835053978096,0.004652847678565064,1.1574179652515995,0.4865164223668085,-0.9356127095964224,0.5662546890739275,1.3490773368019864,-0.05343376555599837,-0.5192396653633776,0.29690073155788643,0.3896249010612875,1.3726785855838641,-0.32352408761897367,1.354161191792403
right,0.02645545584755263,-0.4796342138913237,0.4999935950841032,-0.0025307854262758066,-0.4999935950841032,0.0025307854262758066,1.234089270875379,0.5175450491962594,-0.9351238838955769,0.5894090966352608,1.3382624759528685,-0.056434128923291686,-0.44244046559915506,0.2774511616228479,0.3888355891291059,1.3633485496475,-0.3232912378730599,1.3456153420687835
right,0.027403580056621638,-0.47816782066746893,0.499992205971623,-0.002791767832415577,-0.499992205971623,0.002791767832415577,1.144408337858371,0.4870361560780794,-0.907130656951276,0.6339737288358923,1.3324605787263313,-0.0541703774289828,-0.41925356876667297,0.27181457936743264,0.3844648258659725,1.3459173575375438,-0.3230555176711283,1.33065946321356
right,0.032611206902871115,-0.476023223718687,0.4999767422772165,-0.004822570047375359,-0.4999767422772165,0.004822570047375359,1.1301049097735612,0.47201144227863534,-0.9002159549982299,0.6892383932152077,1.325103499136475,-0.06535660995200085,-0.43566197804330803,0.275920261672334,0.3858045130748155,1.3393935753989759,-0.3180799113127277,1.330628282545274
right,0.02346202567090372,-0.47239631187171227,0.4999856580931186,-0.0037870438591464523,-0.4999856580931186,0.0037870438591464523,1.0982679720456323,0.450115347969909,-0.9161212492921557,0.5970030208466127,1.3295014839117036,-0.06752204947566287,-0.45449774691730355,0.2806473358352704,0.3850940931633439,1.348290768298306,-0.3236926834476714,1.3382751939458983
right,0.024737086365802668,-0.4721332518998673,0.4999645876684796,-0.005950720753583912,-0.4999645876684796,0.005950720753583912,1.2028944827076524,0.543555784870968,-0.879816870397387,0.7359224012827935,1.3289807965079552,-0.06900905170563372,-0.4778480666534049,0.2950152894817301,0.39031034470317655,1.3668869506224073,-0.31849750810699623,1.3565632372002578
right,0.030107473038109733,-0.46970781054305727,0.4999143648089956,-0.009253532169852197,-0.4999143648089956,0.009253532169852197,1.2208466081233722,0.5412106262710332,-0.8621211345537397,0.794741364660752,1.3163151611137678,-0.07285428540935802,-0.4649602717721294,0.2766859514394723,0.39173099260440497,1.3438436668771512,-0.3076123251094651,1.336740051603653
right,0.02447363485287136,-0.4665606427531251,0.49996486061637585,-0.005927743993106275,-0.49996486061637585,0.005927743993106275,1.1105041378748237,0.48473602110484015,-0.8696646651840886,0.6584579392533676,1.3161843237364736,-0.07547068062429742,-0.4265281433537015,0.23353743529296045,0.3849993776929467,1.349832324407445,-0.3202509593644972,1.3348789582739926
right,0.029109515968927104,-0.46462065972128025,0.49999032544457234,-0.0031103796923577726,-0.49999032544457234,0.0031103796923577726,1.1095656431932333,0.4729815362626833,-0.8789590479470263,0.6487491059610014,1.3214405706999024,-0.069935797423914,-0.388553122086914,0.2704118538307243,0.38205072647890126,1.3401968970513596,-0.326771005454862,1.3191809377172343
right,0.02800838994818371,-0.46545534295523167,0.4999952384349821,0.0021820958607205016,-0.4999952384349821,-0.0021820958607205016,1.2339761177687927,0.5059041899117661,-0.8715813079532383,0.6467758552249387,1.3225330092415253,-0.06391046585034965,-0.37673740406970685,0.28589747972189344,0.38307793794873934,1.3379882733808117,-0.3252648306046812,1.3194597341622238
right,0.03271767284727878,-0.46558788481046326,0.4999967388798789,0.0018058542261820308,-0.4999967388798789,-0.0018058542261820308,1.1497491298219134,0.4733650524780151,-0.8361369974305248,0.7567678557343481,1.3250981896987637,-0.06624684329895024,-0.42732998649961457,0.2680777484393118,0.38522191970219516,1.3475538075041404,-0.3219793541162105,1.331858210221735
right,0.04278818517187669,-0.46922587914655695,0.4999997573589812,0.0004925859923605511,-0.4999997573589812,-0.0004925859923605511,1.1363505863238328,0.4683428339730167,-0.8205700226531225,0.8063846166661554,1.3164624116297403,-0.07121081794474918,-0.4225117657723497,0.3183308229722401,0.3851114342940347,1.3701614867722178,-0.31999807483512954,1.3539267684517553
right,0.031179364509228234,-0.4709494057183922,0.49999319091320366,-0.002609413810172023,-0.49999319091320366,0.002609413810172023,1.1130210142804116,0.476540646169627,-0.7833469782226824,0.8060496383188088,1.3316056198693798,-0.058524490786688275,-0.4344059492144583,0.34862433650535724,0.3950239013506583,1.3891633055013755,-0.315726720507106,1.3689396803565002
right,0.037447289046069566,-0.46981474054654104,0.4999932856501563,-0.0025911975534917077,-0.4999932856501563,0.0025911975534917077,1.1022305184317174,0.4770342394035903,-0.8902100009008872,0.6680707206571272,1.3290160507665585,-0.05659282930637378,-0.40405354513809444,0.3430995046530904,0.3949341712159975,1.3408759793918748,-0.31519656411508956,1.3255549245122227
right,0.046496128084484195,-0.46759787060481983,0.4999959696433806,-0.0020075707647751744,-0.4999959696433806,0.0020075707647751744,1.1202428510622424,0.47586886875475976,-0.929318545575976,0.627094387298792,1.329455122537125,-0.07508865260876853,-0.422734270062689,0.3277534543091743,0.39769731316527673,1.3395159344990626,-0.3132619738680469,1.3229049651110514
right,0.048608013275293765,-0.4702923517485076,0.4999967741409887,-0.0017960647552722714,-0.4999967741409887,0.0017960647552722714,1.122100740015349,0.4747105682673784,-0.9180122831029514,0.6372861517837338,1.333974142683074,-0.07230381141771686,-0.40622841536733134,0.2781916931713161,0.3971029490556314,1.3384133432679934,-0.3143488201901725,1.3225331818618533
right,0.03986957451176524,-0.4706379142363945,0.49999937627881147,-0.0007897599632366924,-0.49999937627881147,0.0007897599632366924,1.110488056829788,0.4752486633390333,-0.9190911305853613,0.5948572547190474,1.3357458533944668,-0.07224172659698869,-0.41135172782168944,0.26420622673735095,0.39828174667195304,1.3462757990176404,-0.31454084761605156,1.3290931675283348
right,0.037970880435571557,-0.4697239400523484,0.49999999999116024,2.9731818992160326e-06,-0.49999999999116024,-2.9731818992160326e-06,1.1643665250345285,0.5212341677971712,-0.9148099696133241,0.5557563774653485,1.3333731078765012,-0.06505014766688427,-0.39989873561979783,0.24707894788566367,0.38390231224778765,1.3490556182988782,-0.3266158362621996,1.328895661113054
right,0.04088902131430665,-0.47251229170492526,0.49999987507393684,0.0003534487906018326,-0.49999987507393684,-0.0003534487906018326,1.2617373292998506,0.5627531561858774,-0.8525423427847107,0.7698909548336288,1.3319807367983139,-0.06398194270890847,-0.3887237598530527,0.2923885594061732,0.3833672887454294,1.363023701922597,-0.33117581547543007,1.337096478246349
right,0.04144508621488229,-0.4667809518533048,0.4999999999005013,9.974905812518203e-06,-0.4999999999005013,-9.974905812518203e-06,1.1546751250984948,0.49431751882103264,-0.8580512741371847,0.7605790623347927,1.3305502063222172,-0.060372277957995074,-0.33025005952035213,0.3333973014198609,0.3940083406547193,1.3561056297030516,-0.31754389500914026,1.3364323501203423
right,0.03950453476039708,-0.4602389584539766,0.4999911557331377,-0.0029739180623010683,-0.4999911557331377,0.0029739180623010683,1.2636096885811359,0.5377448531053858,-0.8580253795226297,0.7465210820714758,1.3065750359259936,-0.062314466189746606,-0.3779201320434156,0.32988734600350955,0.39392804624063565,1.336014180528834,-0.3123716706935313,1.3296368397551872
right,0.04600112145244501,-0.4634948060369412,0.49999035343817894,-0.0031058764890065666,-0.49999035343817894,0.0031058764890065666,1.1318136935328176,0.472827171608914,-0.8538706750977353,0.7160782858745803,1.3114325076860387,-0.06894766595184941,-0.3782354837527806,0.29710076816056635,0.3928424969794187,1.3362976758151222,-0.3121238878420141,1.3279461822290881
right,0.047334215523741105,-0.4618649835900651,0.4999769738867004,-0.0047984980043409885,-0.4999769738867004,0.0047984980043409885,1.1247367122646272,0.46614839401808666,-0.8491157854306604,0.6982837899790131,1.3041291501228298,-0.07548865758508025,-0.3809369038102259,0.3062580791599206,0.39143951978936375,1.3397919929924365,-0.3118409843541139,1.3252519054056524
right,0.055094201118128266,-0.46848254487809265,0.4999348843898165,-0.00806916167521861,-0.4999348843898165,0.00806916167521861,1.2446684914703279,0.5604498880442305,-0.8490240257715469,0.8331159859290647,1.3031352210241516,-0.07821850293023432,-0.4144728887762212,0.3239056229837532,0.39185726566860285,1.3402991213011124,-0.3140119661053223,1.3282059287539616
right,0.042902155723439514,-0.4698518475232541,0.49993339702603257,-0.00816079273179567,-0.49993339702603257,0.00816079273179567,1.258966095594402,0.5572993332883659,-0.8829182569393398,0.6417596366656553,1.306848701107747,-0.06991883911173666,-0.4098102920332583,0.24124998631830377,0.395275367743586,1.3461904208174023,-0.31052493898891587,1.3365532930698307
right,0.04481487042847857,-0.46917771426861454,0.4999288693822184,-0.008433596991606932,-0.4999288693822184,0.008433596991606932,1.2603043062543045,0.558714558670197,-0.8301241435766981,0.764921222381068,1.3077381787107774,-0.07639789232022422,-0.40743251723028934,0.2916222547304307,0.39738330308135406,1.340405495809083,-0.3090917955409413,1.3264301855126104
right,0.04916202935395109,-0.47285073019007295,0.4999213982271917,-0.008865415645618584,-0.4999213982271917,0.008865415645618584,1.1360092829570294,0.46674124724681665,-0.8287849210174828,0.7964494899094222,1.32309058063413,-0.07907156077125917,-0.3981167314430595,0.3202047054270304,0.4008744946534284,1.3434132758701527,-0.3084084081718122,1.3276019759305555
right,0.037779419618474225,-0.471441245125184,0.49998108583187006,-0.004349001078897358,-0.49998108583187006,0.004349001078897358,1.0989520093256173,0.4698027166942595,-0.8448515399522145,0.6260977656015437,1.335976371572891,-0.06646287144720049,-0.41365321914825687,0.2822337460682067,0.3977072288787843,1.3670134329871622,-0.32272124775368705,1.3388310612505223
right,0.020462297180071302,-0.47149728394005896,0.4999903553283784,-0.0031055721859116134,-0.4999903553283784,0.0031055721859116134,1.1078700466056497,0.4787134929935318,-0.8641704769006691,0.6086267674474453,1.3382354572169155,-0.06422111352438804,-0.4019699250772579,0.28883414772785615,0.3991505033090051,1.3629975241920458,-0.3200018477439938,1.3306557935899508
right,0.02014323690979098,-0.47134106188801855,0.4999909502013654,-0.0030082747108210292,-0.4999909502013654,0.0030082747108210292,1.1036213711267284,0.46411317625674275,-0.9108248666212654,0.5705554273540737,1.3409187692165578,-0.060224793186959766,-0.43412024279695294,0.29220725760215716,0.3941916481366445,1.3440871378371793,-0.3206691772745095,1.316833370909338
right,0.016981137202987523,-0.47100913862400234,0.4999992442655889,-0.0008693295347402452,-0.4999992442655889,0.0008693295347402452,1.2539608410664693,0.5081865124644835,-0.8993288813146574,0.5881693705291035,1.3233360109089285,-0.07318621439674187,-0.43194132115129347,0.2856825731108244,0.40053079548644077,1.3326086344297214,-0.31743579724521903,1.3114663506129354
right,0.024869492106949734,-0.4709162203238463,0.4999988131972641,-0.001089404115762166,-0.4999988131972641,0.001089404115762166,1.2477669898674635,0.5267517298042657,-0.8939541439436137,0.601062259553703,1.3181374051132044,-0.06584270944825525,-0.4199868626719583,0.2764482214374443,0.40066331238455577,1.331639015433744,-0.31407971454397193,1.3117013035547194
right,0.03476464635418032,-0.46713776742599866,0.4999870659094604,-0.003596376405339514,-0.4999870659094604,0.003596376405339514,1.123718919839099,0.4833093502654449,-0.8779592612092952,0.6289078022433867,1.3153527218064074,-0.06762637053418855,-0.4064903517569325,0.26485717286791516,0.40112479491038067,1.3287633148732236,-0.30648678324309175,1.3132008950243836
right,0.030795217649428528,-0.46614829970321703,0.49996832207672365,-0.005628225278499458,-0.49996832207672365,0.005628225278499458,1.2395783643568605,0.5309287024333351,-0.8311026166981279,0.8210756987817814,1.3017971013006868,-0.06744538466368519,-0.40883040491091827,0.2571059371543975,0.42141270925602964,1.3294940667279742,-0.2918483524881948,1.3282336108073678
right,0.041656622060907485,-0.47370668563878254,0.49994557045055854,-0.007377437689711212,-0.49994557045055854,0.007377437689711212,1.0706338421197632,0.457795178913403,-0.8674498409077647,0.6984290328099992,1.3317875720212244,-0.06442190505205753,-0.40783024694318076,0.31444455393980697,0.40654601974585775,1.344173852340135,-0.3059099270961136,1.337311041771842
right,0.03816636475849578,-0.4708287283008556,0.4999714127393351,-0.005346629165506115,-0.4999714127393351,0.005346629165506115,1.0764113361779717,0.4547826149582453,-0.8729761339706352,0.6828029044710912,1.3282130940732972,-0.07339836242966617,-0.43839246778797614,0.31392681794294497,0.4033506389397353,1.3454866686503577,-0.3080492433936597,1.3379432962625941
right,0.04123299576208038,-0.4722396231870203,0.49998788375911474,-0.003480818019083387,-0.49998788375911474,0.003480818019083387,1.0906674489193104,0.4510965782138817,-0.8370848267255906,0.7889671991067209,1.3240321562961301,-0.06768709873940612,-0.4122390873682854,0.31547689429202014,0.39986805547502163,1.3486307673004778,-0.30906891880639026,1.3381847476820772
right,0.04202199904545616,-0.46743758365559196,0.49998909150132026,-0.003302783626636183,-0.49998909150132026,0.003302783626636183,1.0935534537703415,0.4520150493782414,-0.8371012974604584,0.7482333583383098,1.321862447545228,-0.06677015703418525,-0.40973312348126134,0.3018115597644513,0.39935287204222253,1.3466902203264692,-0.3089038774428501,1.336230690113784
right,0.04692861307576289,-0.4641972088062106,0.4999670091168521,-0.005743674324809897,-0.4999670091168521,0.005743674324809897,1.093875176158906,0.45083797784362684,-0.7870578086352751,0.7989896521113561,1.3219882108155183,-0.062470682517717306,-0.3417754714979785,0.35969906166480237,0.40002160794421215,1.3431478889281616,-0.3085776804050065,1.3315045663432405
right,0.03933643806756185,-0.4613832042436879,0.49997886423916993,-0.004597315968003988,-0.49997886423916993,0.004597315968003988,1.093433418419397,0.44454608384754574,-0.8162145179755464,0.6849642994280889,1.3195413866754127,-0.06800865786878212,-0.4176675968241771,0.35161115293254963,0.38833619462220187,1.3475121624227304,-0.32154471989762407,1.327405273479004
right,0.035663353089528,-0.4604206648897064,0.4999898204045947,-0.0031905315828517273,-0.4999898204045947,0.0031905315828517273,1.1856945987171439,0.6104920149534688,-0.8182635853639659,0.8359154167487695,1.3009258143527573,-0.05021865847741554,-0.4166027933902281,0.3461410414806707,0.38227065027390256,1.3452949720303589,-0.3271178773554801,1.3210021796834412
right,0.03628375812054985,-0.4587968441523802,0.4999820848634714,-0.004232589700938018,-0.4999820848634714,0.004232589700938018,1.2491037967244707,0.5824558306955925,-0.826213913756427,0.8263265240392339,1.3078102500211475,-0.053132377962971086,-0.4150278866287984,0.35568189332698374,0.381937508473711,1.3498374319749578,-0.326336109158641,1.3241622233357024
right,0.03536138563432767,-0.460672780278289,0.49997797449199277,-0.004693082450182945,-0.49997797449199277,0.004693082450182945,1.1175315814081972,0.4819070359841985,-0.8534304134641408,0.7973564938290197,1.3103685028043643,-0.05156252288130152,-0.4555127434970502,0.29118190249378373,0.38274220649282825,1.3491512246342396,-0.3263650341058619,1.3256359136969138
right,0.034354095317117916,-0.4631762121304952,0.49998090391650013,-0.004369864853678568,-0.49998090391650013,0.004369864853678568,1.098178145445023,0.4797879761752419,-0.8313229425589939,0.7995057018821893,1.3057547388150945,-0.05111392002074348,-0.451046342651839,0.32916811448285,0.38101390775469357,1.3456423338072003,-0.32638928122669975,1.322182978249793
right,0.03907207041542448,-0.46476506370094733,0.49998029712530057,-0.004438748302857559,-0.49998029712530057,0.004438748302857559,1.0922139154379427,0.45180430786415066,-0.8033056667943582,0.7966235052077942,1.3066413268958381,-0.04854742770711883,-0.4073779308415282,0.33554599034163574,0.38128287070901573,1.3467939995256655,-0.3242533891855249,1.3231989663329176
right,0.033588735936048705,-0.46326642394346085,0.4999867609595688,-0.003638525135142294,-0.4999867609595688,0.003638525135142294,1.0928346174511123,0.4540461049860498,-0.8064701791720839,0.795653969344024,1.3081918314046208,-0.050169573962671,-0.40999694069252024,0.2669515527520679,0.389772125064296,1.3579336277727927,-0.31726490472028224,1.3413279429957712
right,0.022395865472925474,-0.4674569164875395,0.49998805597917495,-0.003455991632720198,-0.49998805597917495,0.003455991632720198,1.065753454946064,0.441786083122098,-0.8654049354988589,0.6024923402109116,1.305613066695952,-0.051096228642354094,-0.4510284901135766,0.2842172579629703,0.36763001410443824,1.3501681315574932,-0.3321163662041255,1.325596744300192
right,0.01139197763894354,-0.45823250422411144,0.4999994332683061,0.0007528156299957983,-0.4999994332683061,-0.0007528156299957983,1.2412591378155184,0.5300136638890423,-0.8991394169235156,0.6072026575910131,1.2994307034651793,-0.04826273524627519,-0.4558180231674386,0.28030735082709407,0.36771120149342096,1.3502791662546072,-0.33655878726344335,1.32255830612611
right,-0.02434465534511592,-0.47526253583696176,0.4999998347847576,-0.0004064667453417222,-0.4999998347847576,0.0004064667453417222,1.136508445090496,0.5126648413788104,-0.921642754109046,0.5782586612248988,1.3176492067016736,-0.04411378411809098,-0.46349541423913476,0.29007344019773623,0.37435388192718283,1.3619864612732924,-0.33930502724533346,1.3363820421155788
right,0.005579586654622031,-0.4670612549276219,0.4999955358761145,-0.0021128426247753076,-0.4999955358761145,0.0021128426247753076,1.101006660671873,0.5000184491611066,-0.8984663520393583,0.6216103534038375,1.314275708757341,-0.045648825710547736,-0.37864232895305105,0.3205548176366747,0.37999317670757615,1.3375053519460038,-0.3239901854071582,1.317863159230925
right,0.005385737747225445,-0.46746186041375126,0.49999857837488176,-0.0011923183707391823,-0.49999857837488176,0.0011923183707391823,1.1016640416302763,0.49127755379327076,-0.8959662913737418,0.6229901952156448,1.3182232097068856,-0.0521586489637694,-0.4009207258041623,0.29054500102271313,0.3834066683359343,1.3391775665746704,-0.32265609360563796,1.3254410867826374
right,0.011951133145521325,-0.46936632067533024,0.4999977997899418,-0.001483308874522073,-0.4999977997899418,0.001483308874522073,1.088294007786424,0.49047237948509653,-0.8365129023176635,0.7779340524116086,1.316376531324469,-0.05543874859675133,-0.39105416375201424,0.3312011789054552,0.3802654519079117,1.3394286955911683,-0.32411633292812264,1.3228333070853633
right,0.017033482714082598,-0.46604883285973553,0.4999975000514971,-0.0015811205688229294,-0.4999975000514971,0.0015811205688229294,1.2423568993151681,0.5425623826278184,-0.8234240713966695,0.8404029859625034,1.3121452516394527,-0.054266256141994505,-0.3563214970903165,0.32416080156981475,0.3917074375524809,1.3308299332718692,-0.3146864572665213,1.31979293215651
right,0.030544306160377885,-0.45762208193782034,0.4999870455886484,-0.003599200402148571,-0.4999870455886484,0.003599200402148571,1.1386723710219155,0.4502864130386836,-0.8142425662535386,0.8347123390389678,1.3124691923256884,-0.06638982531532837,-0.38668990907822953,0.3247550788831748,0.3876847830002679,1.32621337663349,-0.3139698706070673,1.3106100861744099
right,0.026390202753915733,-0.45209959665804206,0.49999906249257087,-0.0009682492190641233,-0.49999906249257087,0.0009682492190641233,1.1240481905969275,0.45409363648657103,-0.8654650701352717,0.6653362869726057,1.3078772918123946,-0.06346470598441846,-0.4272676946073346,0.3200222939690906,0.382100600444821,1.3312646918477826,-0.31959320191296575,1.3094859796740608
right,0.023027022092743026,-0.4583728538708228,0.49999913366339277,-0.0009307716458619858,-0.49999913366339277,0.0009307716458619858,1.0837086095118666,0.45294203006701217,-0.8719188901456538,0.637183677878099,1.316051261121435,-0.061964057697176396,-0.39321396214810095,0.32619446324987145,0.3825039218272397,1.3319568552937784,-0.3230105578368983,1.3041487175916628
right,0.016726402754771063,-0.45113753992093925,0.49999986703755644,0.00036464013207188897,-0.49999986703755644,-0.00036464013207188897,1.0865439948519817,0.46424407122019185,-0.8717987652779411,0.6475820746387946,1.3120755049576862,-0.061646703058703615,-0.431114519905784,0.31892851611674156,0.38263022024915716,1.3468423901220847,-0.3243641302778953,1.3141767442627295
right,0.024075093585332767,-0.4564830417172414,0.4999999703582501,0.00017216779310646696,-0.4999999703582501,-0.00017216779310646696,1.0972278329960423,0.4658977373288306,-0.8878351660699825,0.6508888610738701,1.3204888456981831,-0.062275309730110584,-0.4395420203534425,0.3160477640037954,0.3853704291699911,1.3613807658324881,-0.3272553347955037,1.3302841716982976
right,0.023336053277624325,-0.47326671767435474,0.4999815380508029,-0.004296697377463195,-0.4999815380508029,0.004296697377463195,1.0981787299132735,0.4552070525115654,-0.9026801783769622,0.7385961295263608,1.3274574763164275,-0.06748511728496125,-0.4499349741608289,0.3098817411456937,0.38385731918575206,1.3552226422745812,-0.32588509911870883,1.3294611593075862
right,0.008383478480871976,-0.47387135878868275,0.4999988453077757,-0.0010745654428507103,-0.4999988453077757,0.0010745654428507103,1.1115846443508863,0.47184128084153654,-0.9320317695770055,0.5176061216734303,1.3486517186007319,-0.058802327626684484,-0.4832822125334904,0.2724998710087875,0.3845114069428736,1.3846326686457424,-0.33642975170172706,1.3547838536300063
right,0.006807452618136915,-0.4681437040387833,0.4999891929516048,-0.0032873897856561486,-0.4999891929516048,0.0032873897856561486,1.1212206996301537,0.4756695067182073,-0.9005728522464949,0.6306090246164667,1.3277294144414156,-0.05482211133630847,-0.36755167714873604,0.3027865663742763,0.3864916053910285,1.346075550362531,-0.3200743536438776,1.3200252075205208
right,0.011509326536944328,-0.4658669185005931,0.4999829774027859,-0.004125809913859005,-0.4999829774027859,0.004125809913859005,1.1192572695899325,0.4693875091161706,-0.8984776032942442,0.6259420383827144,1.318245908339732,-0.06598554655388274,-0.39250025931846527,0.2991642459112959,0.3953844439696667,1.3472224655852363,-0.3132890426897676,1.3352782444161106
right,0.018644634843747458,-0.4722745384154207,0.49997649305497927,-0.0048483391428690665,-0.49997649305497927,0.0048483391428690665,1.1040992358564536,0.47664320394691256,-0.8953235878006317,0.6217984200098516,1.3167103181431006,-0.07014483795518553,-0.42096461061455387,0.307098715325052,0.3793098462887692,1.3497863937990149,-0.328895250589334,1.3274737522292017
right,0.009302994240459888,-0.4717212650498861,0.4999884108955187,-0.003404257653871647,-0.4999884108955187,0.003404257653871647,1.0946108667682253,0.47728687065840814,-0.8530643851268063,0.7137346163434899,1.3125935372229551,-0.05986512824360958,-0.361380772206858,0.3008229682518177,0.37643139089718,1.3520686388641951,-0.3330101362236007,1.3227025045614003
right,0.025876661347664125,-0.44796788407235644,0.49999414098525485,-0.00242053308531646,-0.49999414098525485,0.00242053308531646,1.0920095236351373,0.4710944409722467,-0.8042981856137521,0.7741433943713206,1.3089043596309982,-0.05846729271991054,-0.3172170976141668,0.3106816485616246,0.3793173342445735,1.3414198276894689,-0.32540395747874196,1.313085094809324
right,0.02631076841623743,-0.4500677717567098,0.499990636588992,-0.003059954792889224,-0.499990636588992,0.003059954792889224,1.1883512857939202,0.549143933116236,-0.8176565035256468,0.7710365488488489,1.2996818865139304,-0.06280212830831577,-0.4407264806243791,0.31311415617550015,0.37868565492344736,1.357672860494293,-0.32590863011420007,1.3346075796598955
right,0.02335373047817608,-0.45309954885381204,0.49997606539260614,-0.004892242280222403,-0.49997606539260614,0.004892242280222403,1.176423954539286,0.48576396873336003,-0.8252731915403178,0.7740282689839298,1.3091638258185738,-0.06118838610750454,-0.4705751209567369,0.2910303002732024,0.3932486254619135,1.3536833803337742,-0.3161760796142826,1.3398507430511986
right,0.02546102699664729,-0.45368720198128015,0.49997691903088404,-0.00480421027691936,-0.49997691903088404,0.00480421027691936,1.230329206896609,0.5453409039267755,-0.8708654828327507,0.6576248958304961,1.3058237007564242,-0.062014467093105916,-0.4659727417411686,0.3300453350274718,0.39350884131271835,1.3467225310048683,-0.31230365500833546,1.3322171536764753
right,0.025299908343411816,-0.45179877813738656,0.49999686539155214,-0.0017704797717431244,-0.49999686539155214,0.0017704797717431244,1.1061028308407699,0.507768766435131,-0.8526049639572412,0.6981076671850468,1.311601263502899,-0.05419024618268864,-0.41975554625778,0.29120273197791136,0.387312056995724,1.3635518522025831,-0.3257878808437248,1.3422263113706967
right,0.009955226341442412,-0.4602123414920922,0.49999942243310713,-0.0007599779992050757,-0.49999942243310713,0.0007599779992050757,1.213970878654324,0.5419813080595146,-0.888050844391629,0.6441568747959401,1.3014692211153882,-0.04832964235936917,-0.420203826924955,0.289818435583415,0.3887822027142786,1.3563445661532916,-0.3273173023076348,1.3377218661458528
right,0.013487240052582042,-0.4636465760771373,0.4999967033135417,-0.0018156749682062892,-0.4999967033135417,0.0018156749682062892,1.0827898087300365,0.45867199196361996,-0.9002440669711717,0.5769092120661334,1.3109401460134993,-0.05224588928916258,-0.4227346573656448,0.3115572202469739,0.38789147435521487,1.3531695853958001,-0.3271400457724035,1.334333653108785
right,0.017254588554845372,-0.45883832307168104,0.4999927093321001,-0.0027001138394576797,-0.4999927093321001,0.0027001138394576797,1.0935099088491114,0.46497986123294066,-0.899633002607684,0.5995283750068024,1.308354905757843,-0.05156116855462729,-0.41997734893904276,0.27026769565730463,0.3922892187489351,1.357395428195189,-0.32136138935371217,1.338414745134862
right,0.013024069320021868,-0.46077266119055366,0.49998872569396713,-0.003357704412670994,-0.49998872569396713,0.003357704412670994,1.090126663916293,0.4532969738362101,-0.854249883187246,0.7007085568400434,1.3191987293634588,-0.05934712089125353,-0.4304462028581367,0.31506246844531555,0.39324964883858404,1.3604571877655138,-0.3224577963652636,1.3415346780972663
right,0.02488944781953039,-0.4588032558729613,0.4999983289259605,-0.001292699209795088,-0.4999983289259605,0.001292699209795088,1.0956425541460293,0.45237170526877124,-0.9400815100615744,0.5110700711295979,1.3287181066517448,-0.057925722618625275,-0.4813524187685014,0.2850694425492942,0.39379958895215694,1.3476776178991627,-0.3211353205949351,1.3219488360365503
right,0.022616824392475365,-0.4479700372368455,0.4999988335756918,-0.0010800106238538771,-0.4999988335756918,0.0010800106238538771,1.0546092029864218,0.4827859255415821,-0.9400365629618106,0.5324580420634818,1.3117087498083808,-0.059830027660800714,-0.3597696019109063,0.40657322509971733,0.3862694521880485,1.337564052021563,-0.32146010331681396,1.3105743255165752
right,0.04238530953171416,-0.46372589982330054,0.4999858382458374,-0.0037631839720182005,-0.4999858382458374,0.0037631839720182005,1.1581019447875645,0.5828503682498686,-0.8105522108891894,0.7255569379905319,1.3120432814381577,-0.060279146403247615,-0.3579776265862216,0.6665506670171408,0.341732712468687,1.3855170584042504,-0.34829061622612,1.3511588577481106
right,-0.01870156582074728,-0.4907043412467526,0.4999999403728903,-0.00024418662155484164,-0.4999999403728903,0.00024418662155484164,1.1348336746426606,0.6618706872989766,-0.8303800824371884,0.4857648350910038,1.2861949361460427,-0.06430934521483546,-0.9472390305090967,0.6292955197762243,0.32969962143908316,1.387222735732759,-0.3586535073718273,1.3510801931020493
right,-0.012451971756805907,-0.4981394098902259,0.49992773407905966,-0.00850062930476766,-0.49992773407905966,0.00850062930476766,1.064670816400051,0.5939208782601564,-0.852714508381707,0.47810444916859063,1.2951405692810207,-0.07183792769391978,-1.01865109571856,0.6404583596005176,0.33974978646796944,1.4025232781441417,-0.34220102677945585,1.3834432166584723
right,-0.0029518511019711374,-0.5046041620460244,0.49987899990300066,-0.010999338888127375,-0.49987899990300066,0.010999338888127375,1.026028055848278,0.5637675792524992,-0.8329569154478134,0.580563905694188,1.290555761691718,-0.06449224456477579,-0.9692058600728577,0.36260249081575807,0.35053381690293306,1.4084362726042947,-0.34165605496138957,1.3909954860554723
right,-0.0030853880092824907,-0.5064674728496827,0.49988079676314623,-0.010917372735329875,-0.49988079676314623,0.010917372735329875,1.0793056086447745,0.5841680398936798,-0.8267795134530707,0.6055621004833245,1.2896760353728656,-0.06358898202115976,-1.0727123625043338,0.47202068562881727,0.3526696100669531,1.407070822049477,-0.33860146729864876,1.3904241085771663
right,-0.008543120577464142,-0.5058441037107225,0.4998833064196633,-0.010801849977897541,-0.4998833064196633,0.010801849977897541,1.0576230476879536,0.5281339363526266,-0.9808596294282175,0.41394928453269436,1.2839276334983991,-0.06469209371635827,-1.0801781270642592,0.22976140337058695,0.30946084684036407,1.405657292578286,-0.33794410916768236,1.349050422315442
right,-0.026684347726699965,-0.5154740398560813,0.4998726302441343,-0.011285102250796505,-0.4998726302441343,0.011285102250796505,1.0729924778841629,0.47693714727221376,-1.0193116968172735,0.3712295070668248,1.3073950488639605,-0.05858406989960246,-1.3591955744354034,0.30718509517618175,0.3082649330714672,1.3787267257411335,-0.34504259605814636,1.34717289957366
stop,0.04149644614386226,-0.4971056018862271,0.49990765415518135,-0.009609230825808241,-0.49990765415518135,0.009609230825808241,0.9409275751607967,0.4904077912652186,-0.8912568085025798,0.5724213001548104,0.3882716725455512,0.5406799265676469,-0.4524522964009202,0.5356843849482947,0.3905507502429677,1.3721514814540796,-0.3026272679122959,1.4002484686969503
stop,0.030991354566252866,-0.5027903200790419,0.49990113815945125,-0.009942437673188441,-0.49990113815945125,0.009942437673188441,0.9449213313785788,0.46098682090278215,-0.940544324816707,0.48911341948002346,0.39221789926386635,0.5461758275385151,-0.9480980331163348,0.5090083399366913,0.35781657317643617,1.3763423770158432,-0.31848627459499723,1.3989732378003885
stop,0.027216337438026775,-0.49959043899953676,0.4999949395676653,-0.002249534780066769,-0.4999949395676653,0.002249534780066769,0.9184981816613301,0.43675009946864324,-0.9545788361930516,0.3874882145981971,0.3912474019247773,0.5539345046387173,-1.0048841282723076,0.3510566361647073,0.3395285820609429,1.3912487229303903,-0.3301093560111588,1.3889397709094942
stop,0.022055604353567317,-0.4877076110434268,0.49999703818891916,0.0017209887589693903,-0.49999703818891916,-0.0017209887589693903,0.8924195040133538,0.4200303505071742,-0.9619758444150369,0.4181415560325563,0.7770592604893656,0.8568289223921778,-0.9674197720011545,0.624145321931137,0.33153456268347525,1.3956783638175472,-0.33230319301756184,1.3913938290965042
stop,0.03220240974252411,-0.49738720406782666,0.4999896878552603,-0.0032112362727390203,-0.4999896878552603,0.0032112362727390203,0.904232052148727,0.39543480859314595,-0.9795339974437801,0.44671951800068255,0.9415859541099512,0.8181816864110296,-1.0089394540959347,0.8954183975154772,0.33432353903677103,1.3568361519123189,-0.3109363689919001,1.3835887043719888
stop,0.018191950917712578,-0.4926467965111191,0.49998331758882,-0.004084376681602602,-0.49998331758882,0.004084376681602602,0.8877159191089717,0.3892713623826461,-0.9836419585832427,0.41297853832494247,0.8551637176838084,0.8881670812256504,-1.1216153902715933,0.799430511872055,0.3262330954561122,1.3491866819965062,-0.31546240656867125,1.3706064893694092
stop,0.016589443852590775,-0.5028467215774782,0.49992051427801537,-0.008915122209178703,-0.49992051427801537,0.008915122209178703,0.8955131678954508,0.3885200750818709,-1.0194343869514702,0.42623175955146475,0.8700669683888779,0.8484783530770351,-1.1035305207399504,0.5166269865186817,0.33058405661844475,1.3503834833386814,-0.31556951456101096,1.3759659480275197
stop,0.01074342994505459,-0.5017215025881033,0.49992283811387306,-0.008783844953678446,-0.49992283811387306,0.008783844953678446,0.8853682775833465,0.40021298019885265,-1.0096311642822597,0.43409306855567004,0.8272496114334925,0.90563424003146,-1.169372791986229,0.9408040302479801,0.33092551145596344,1.351844341690641,-0.3184207495916543,1.3747007137247695
stop,0.012556183633680407,-0.5048073477358433,0.4998881152976842,-0.010576964788125785,-0.4998881152976842,0.010576964788125785,0.9017009217436596,0.40241951468920223,-1.0055242575287648,0.43567290746698456,0.8824000785368147,0.8743131035287052,-1.1777579972713674,0.7270682058677184,0.3282516042393063,1.3573670370117445,-0.3199192530145973,1.3809174232554506
stop,0.01112126458803043,-0.5042972295710592,0.49989684120118577,-0.01015618811742116,-0.49989684120118577,0.01015618811742116,0.8984342684997446,0.3983404581645018,-0.9841656536262666,0.4366861231043378,0.8797509400329949,0.8647243111207175,-1.011133777244987,0.7944439191228972,0.3315031269350708,1.3529523520938718,-0.31520410633129287,1.3771334895142813
stop,0.0158894494876169,-0.5051707063713998,0.4998838216514985,-0.010777979917073471,-0.4998838216514985,0.010777979917073471,0.9037925466640391,0.39509752466836345,-1.01057485725037,0.42533100674565283,0.874025712315578,0.8593248775909496,-1.0985241569444408,0.7838256664774217,0.33613289135356644,1.3599045250981352,-0.31195047516750735,1.3873658906635387
stop,0.057106461616627725,-0.5153077005885671,0.49955333125528667,0.0211298185450277,-0.49955333125528667,-0.0211298185450277,0.9992098236255633,0.7493972432921777,-1.0463253636002738,0.510564868326907,0.5851988041751891,0.32670907293997387,-0.6677398710374274,0.23416999791778428,0.32233294475209906,1.3507353018592252,-0.35976277128455636,1.3298899256925725
stop,0.029987188741770383,-0.5283619254960409,0.4997939857958425,0.014351716353984204,-0.4997939857958425,-0.014351716353984204,0.9904690323191538,0.6527858227160133,-1.1016659536351219,0.3831984662297342,0.7516006258069289,0.31645093558635906,-0.9376536351621395,0.1956112924390555,0.3867321857413315,1.378012332412297,-0.3322467228059872,1.3720706113685444
stop,0.03593200953024321,-0.5339553530342366,0.4998861754914716,0.010668249739751494,-0.4998861754914716,-0.010668249739751494,1.0402021678090059,0.4975695589577426,-0.8617800569872949,0.5034399452559168,0.9431272632191625,0.20812932351584165,-1.06728762065056,0.22589339611687861,0.4043285171661001,1.4086579677532207,-0.32499956290054155,1.405082294536915
stop,0.025867634676372996,-0.5232536838986643,0.4999196581595772,0.008963000926673481,-0.4999196581595772,-0.008963000926673481,1.096358538019283,0.4907852134538261,-0.8754474845847978,0.5783398776452239,0.9732338983730229,0.18630710501294634,-1.1006680849992214,0.17123843843512568,0.41312083358980395,1.4021371616127747,-0.32575035883762454,1.403769265369078
stop,0.000555037833520178,-0.5179943585825455,0.49998265777708933,-0.004164363355658128,-0.49998265777708933,0.004164363355658128,1.0709599385301678,0.6917361891636424,-0.8617832200811504,0.6710208377122596,0.9797182524106874,0.1703947544679033,-1.0739038996370278,0.18597586554995718,0.4118593678775081,1.4064723640687422,-0.3187420011596507,1.4129017746216908
stop,-0.0073978201501304,-0.4994299457034265,0.49996724225442946,-0.005723344520529085,-0.49996724225442946,0.005723344520529085,1.0976185708624344,0.6590840551161007,-0.7801499411347786,0.6359631502720281,0.9815991706327931,0.09070562620755167,-1.0244804362946192,0.552707212349903,0.39731173529352826,1.4109682052434624,-0.3138492458047659,1.4245769165712878
stop,-0.0160990433752793,-0.4953631959142507,0.499942328834776,-0.007593934372952482,-0.499942328834776,0.007593934372952482,1.1179345520100246,0.6286612432668932,-0.7455133299540107,0.6301293065300544,0.9904064328025414,0.11926263168078269,-1.0141003888976834,0.4656586835754907,0.3964989615888484,1.410599254348396,-0.30314652451426555,1.4269067478225987
stop,-0.0036936870931615602,-0.5157154026005201,0.49999532615626885,-0.0021619023766976525,-0.49999532615626885,0.0021619023766976525,1.0770293658537398,0.7116970800750833,-0.6790723870532419,0.7033968948032746,0.9826684855204044,0.11439478523879706,-1.0044004766207193,0.3105740741419546,0.40000451592784486,1.3849965568115359,-0.2988937560227988,1.3977041186349743
stop,-0.013553299531295108,-0.5090512914356831,0.49998222955157123,-0.00421546351424834,-0.49998222955157123,0.00421546351424834,1.0662330392532238,0.6041062235749615,-0.8202353705781873,0.5396041278539302,0.9782018691379589,0.08307178809784851,-1.0353224626887523,0.19310306716077438,0.40050749656159135,1.37221774767332,-0.30421013718988843,1.3763086162068516
stop,0.004132424074997027,-0.5154371117626384,0.49999946855995514,0.0007289991512156275,-0.49999946855995514,-0.0007289991512156275,1.0767136173698972,0.6877337403310085,-0.7974137523753834,0.6618138821416315,0.9760186783811597,0.07763650070371005,-1.0766661069511239,0.15628200615875118,0.403803551896336,1.4104345237421008,-0.3048144334132178,1.404875000997935
stop,0.020599191185114774,-0.5050682447698404,0.49998971789317626,-0.003206555956486309,-0.49998971789317626,0.003206555956486309,1.0726372571916378,0.6503932886290932,-0.7522076777428606,0.6484874011583558,0.9735425789702644,0.05403507715045481,-1.0248027663406256,0.1525846900640212,0.39977721099248087,1.3654100050308462,-0.28416979442356,1.3740721345449567
stop,0.01412726260708767,-0.5046173282933134,0.49999997116327327,0.00016981379761958295,-0.49999997116327327,-0.00016981379761958295,1.063716634318044,0.6314350936456775,-0.7407566538306116,0.632056955154343,0.9902238637194606,0.051799005615570055,-1.0127984971828146,0.1317542983447864,0.3931275677189149,1.3552670098888995,-0.2876038406464334,1.3591425327466642
stop,0.016521223851208498,-0.5021064198900366,0.49999438406395613,-0.0023697899706719835,-0.49999438406395613,0.0023697899706719835,1.0553599291963887,0.6251367858338107,-0.7687142849928348,0.6227995456777048,1.0227482737222016,0.042376444921195085,-1.0079048744829053,0.13268395821530338,0.3877906163876632,1.3568920037825722,-0.2898901763843827,1.3595575306947443
stop,0.01945697782442716,-0.5031199766848529,0.49999810014855495,0.0013783496782702569,-0.49999810014855495,-0.0013783496782702569,1.0433404896799705,0.6457730919345214,-0.8119361673953382,0.6136827306037846,1.0377847312433697,0.03598101262337148,-1.043467930354195,0.10540135876677256,0.37625939356885585,1.3510582780867886,-0.3080811633844829,1.3481136393545106
stop,0.022117086748529136,-0.501580905487584,0.4999922080195697,0.002791401030905535,-0.4999922080195697,-0.002791401030905535,1.076778811378485,0.4783905474619653,-0.956288050882133,0.4233430684768592,1.0720350268347858,0.03379835054210915,-1.101394081330402,0.060489397675810706,0.37439712890168564,1.357985893736349,-0.3092239614063644,1.3524055750424353
stop,0.014910304998567294,-0.5025956635004175,0.4999645317751774,0.005955414916499714,-0.4999645317751774,-0.005955414916499714,1.0777216150415783,0.48814121961588175,-0.9136830239860975,0.4567732192690632,1.0980359289278683,0.03832488938724372,-1.0987223032533395,0.06941089898016982,0.34597121632845435,1.3776314051613416,-0.32511702925538766,1.3660444098715219
stop,0.014122525310558773,-0.5028898140855341,0.49996100992060066,0.006244081931962847,-0.49996100992060066,-0.006244081931962847,1.132942540812051,0.5059472617614313,-0.9155747684676584,0.4506674807528832,1.1027640786357076,0.03943851620476432,-1.0935559675794315,0.07487761522586112,0.3631166002516996,1.3784757242759884,-0.31856354346659904,1.3672065910498528
stop,0.01759812297607697,-0.4938704773181094,0.4999717775964009,0.005312401255084492,-0.4999717775964009,-0.005312401255084492,1.115004387378454,0.5212754249520812,-0.9344826822905361,0.45863737102551805,1.0952770757717492,0.03567079280596327,-1.0792810876494592,0.07490399285220616,0.36112220711781956,1.3516084789654887,-0.3164390767423807,1.3413895893343446
stop,0.016649726794443417,-0.4980871788177839,0.49999384145153986,0.0024816346492578874,-0.49999384145153986,-0.0024816346492578874,1.124147227424603,0.5241399103025381,-1.0160119373835346,0.4433541442953608,1.0989360366022025,0.037930109343494854,-1.1282503308339658,0.048371835859542016,0.36157496998891364,1.340776606390604,-0.3180084321653113,1.3373882296872852
stop,0.01964762020693891,-0.4972903186182359,0.49998082463254107,0.004378926782240252,-0.49998082463254107,-0.004378926782240252,1.0793087996360382,0.5758792402010542,-0.9546458123992347,0.41914942008074974,1.0993019107212167,0.046437527223876486,-1.124754122081464,0.05366155626846961,0.36130349089835084,1.3499296289682445,-0.31997570908384926,1.352415159898075
stop,0.025320643233427746,-0.49810911665213353,0.4999657851369977,0.005849247160568159,-0.4999657851369977,-0.005849247160568159,1.0858609654258595,0.5696743786867813,-0.9134285062337891,0.4146929178429605,1.1053500918804484,0.04052225484887847,-1.1198517285943554,0.06406375213655707,0.34400508669674756,1.3626645314010195,-0.32910203707893504,1.3570405949421611
stop,0.02469227151499357,-0.4982120085696345,0.4999764780281239,0.004849888513452116,-0.4999764780281239,-0.004849888513452116,1.1313031310430903,0.5963120540645203,-0.9405775831233634,0.4830230902913536,1.1094050843836902,0.04540159491596548,-1.1288782312770567,0.07048526937238639,0.3607454416120616,1.3616695248011255,-0.3246785435689228,1.3567844467670227
stop,0.029518387524121073,-0.4918865309994725,0.49999720129423725,0.0016729309399863652,-0.49999720129423725,-0.0016729309399863652,1.1014974791373715,0.5705828807690156,-0.9009428941931357,0.47727571743501046,1.1146785604991878,0.0420190184415451,-1.1083675776233153,0.07263509255772899,0.36253756832551703,1.32826930912655,-0.31991713496952995,1.3316448721899015
stop,0.029205829079039153,-0.49768229474426456,0.4999876553706535,0.0035134707849399658,-0.4999876553706535,-0.0035134707849399658,1.1011401005998493,0.5892793162767194,-0.90321597902173,0.4182297157050857,1.0976650400013244,0.03774633324229446,-1.1084687159520217,0.06294555379717648,0.3767376319845642,1.3555435738629387,-0.31406243789356764,1.3618913956653151
stop,0.013609618046034467,-0.4955975721659059,0.4999878718010274,0.003482535266066087,-0.4999878718010274,-0.003482535266066087,1.0891315835849031,0.5853747188486699,-0.8899375317180732,0.5068489157688147,1.0945520001847635,0.03484060696961502,-1.1058853519956395,0.04595757184472163,0.37154636094050997,1.35190458864902,-0.3128010106344234,1.3546188230434844
stop,0.014017912175911142,-0.49579911455408154,0.4999973770149261,0.001619561111506486,-0.4999973770149261,-0.001619561111506486,1.088371627690529,0.5693818242442722,-0.8983858813062733,0.45256421104007294,1.1050160337964359,0.030678383764100023,-1.1143824774626785,0.051818544361395734,0.36323255050437675,1.3537108796515789,-0.314660770353485,1.3530152647243248
stop,0.018929896883080402,-0.49640863309842714,0.49999768759710417,0.0015206569463998745,-0.49999768759710417,-0.0015206569463998745,1.089086404278956,0.5759962077348616,-0.9321933021721973,0.42103718307124155,1.1072142604697621,0.03011004569086091,-1.1223522594603705,0.042329379550983856,0.3596348199099391,1.3555072787305202,-0.3144941191114579,1.3519609510086943
stop,0.01148207207701695,-0.4937999573161421,0.49999992880493543,0.0002668240235101479,-0.49999992880493543,-0.0002668240235101479,1.0995839879248985,0.5710886425168784,-0.9421126914273472,0.418282774174421,1.1410167618321503,0.02490412098879147,-1.1216018348587036,0.03119166756837649,0.34985609802475914,1.3806805122458308,-0.320472426465618,1.3737587034088534
stop,0.012731697287474465,-0.49381708410228126,0.4999984671307544,-0.0012380900193210793,-0.4999984671307544,0.0012380900193210793,1.0855834255171615,0.5809269360654223,-0.9418656082091869,0.4394095770259613,1.1698815019347681,0.005634053346556844,-1.1241708986388939,0.030434930206037488,0.3463156621616317,1.3863954466895143,-0.3334100429638355,1.3762370558745145
stop,0.00567306312086551,-0.4970071080966135,0.49999903187115424,0.0009839349106882534,-0.49999903187115424,-0.0009839349106882534,1.09437110362336,0.5485528780389481,-0.8779153385646146,0.41944297864045327,1.2051525845210487,-0.0025365939571601616,-1.148768925401119,0.03442408045232609,0.34394285103110117,1.4090486473019133,-0.33035565813014417,1.3998018474528515
stop,0.004813504687757449,-0.4970684732985681,0.4999762256025499,-0.004875841694321308,-0.4999762256025499,0.004875841694321308,1.0888930469403149,0.5254605522693333,-0.9219580465642558,0.42227866209675097,1.20543921072684,-0.0020540598599437564,-1.1477179515223463,0.04424974868625432,0.33653134014499575,1.3840396789915117,-0.3362599208944097,1.3651797652003832
stop,0.010736143815507164,-0.4965824939564615,0.4999656861062115,-0.00585770572367494,-0.4999656861062115,0.00585770572367494,0.9950254937037799,0.49530193234810127,-0.9250947535626454,0.4269400979057709,1.204552829131258,0.009131083263065845,-1.1566915749650055,0.06440102760716968,0.334389438099888,1.378152505713496,-0.3416694129751144,1.3587506750925267
stop,0.02015724213967884,-0.4882870710733774,0.49989604747457894,-0.010195181180023409,-0.49989604747457894,0.010195181180023409,0.9622096602130588,0.45423417351820594,-0.9436437355154343,0.43104316924264957,1.2081812245939727,0.019543643272362618,-1.1712843083393782,0.06415831048584018,0.33325190285752815,1.3753508068312317,-0.34172485242233896,1.3579104283613528
stop,0.0076868728153426024,-0.4893151466753468,0.4999724359997433,-0.005250070521681374,-0.4999724359997433,0.005250070521681374,1.07322595423938,0.544411329733689,-0.923790392075122,0.43361801081849954,1.2020531117620457,0.0183516489512794,-1.179326569585607,0.08013011569472688,0.3295181791052568,1.3790188441006037,-0.3399598995221921,1.361421462041498
stop,0.0034410712189657825,-0.4922485813182449,0.49993801262641036,-0.007872962031861231,-0.49993801262641036,0.007872962031861231,1.0706662055254308,0.5584250374791919,-0.8946559417150247,0.4296865157771268,1.2041221441900523,0.011018060173611571,-1.1768550100051742,0.07635535121638416,0.329903884005232,1.380761745695183,-0.34053239854447037,1.3637012436670912
stop,-0.005868299150965438,-0.4928882082429616,0.4999025549288417,-0.00987094603451824,-0.4999025549288417,0.00987094603451824,1.0783439311663943,0.5579097692934151,-0.7399954300608302,0.43808741715901944,1.2123207474743234,0.013056960227334971,-0.9262868703157066,0.35888989536746646,0.34479512414188535,1.3789796788957778,-0.3267438216344974,1.374120905502389
stop,0.003439035111669735,-0.4841037512875364,0.49991231011128534,-0.009363877359196299,-0.49991231011128534,0.009363877359196299,0.99405650001263,0.49207744466664055,-0.8903776981979331,0.426619942033468,1.1965029641781124,0.012681131550264369,-1.1438026259338638,0.16831544337780685,0.3458118507084021,1.3403821235161515,-0.3188101384029292,1.3291218132181066
stop,-0.010061745867335279,-0.4939303664881683,0.49997850079398354,-0.004636673786309438,-0.49997850079398354,0.004636673786309438,1.0400915846613474,0.5468358724736266,-0.9253018090468597,0.41469945543711906,1.1921649117143518,0.005961923580000326,-1.1409917448162108,0.06429766610248117,0.34483471570742624,1.3286960288793719,-0.3193073555525293,1.3172823292019726
stop,-0.01577828386419029,-0.5004393837462874,0.4999987778895155,0.0011054903847984715,-0.4999987778895155,-0.0011054903847984715,1.0511609282222718,0.5547430265776109,-0.9413514714629424,0.39927426777332375,1.1791041379856406,0.001662562120908046,-1.1631908763517869,0.04424482627907261,0.3251287888604657,1.3572505600997233,-0.34150739430672045,1.3309000847393846
stop,-0.01644234047986329,-0.5040894109520659,0.49999997244378563,0.00016600064340487758,-0.49999997244378563,-0.00016600064340487758,1.0377821253151316,0.6029206606805498,-1.0045830299403709,0.43426224002756697,1.1721582253553346,0.0011168076899995378,-1.1772875987377658,0.03381084365309867,0.31993933803559965,1.3509952598762232,-0.35926374865484784,1.326200808592891
stop,-0.010159398848743052,-0.5113943363031246,0.49999997401186774,-0.00016120834848152256,-0.49999997401186774,0.00016120834848152256,1.057485190868939,0.6068126919685171,-0.9257344814443937,0.43280376067782445,1.1927891970533986,0.001807547430989261,-1.1413245114375656,0.06713824232256363,0.3191106762636415,1.3683801283873431,-0.3592259469895244,1.3498442739018686
stop,-0.010570059771103838,-0.5140659970367181,0.49999723683655384,-0.0016622742887784044,-0.49999723683655384,0.0016622742887784044,1.0603475301672447,0.6002066188022361,-0.9644913420507287,0.42900627552773146,1.1996698495452898,0.0029537346319221222,-1.1587763084607483,0.04754777730133022,0.3210753302883212,1.3712478588476624,-0.35805855358187116,1.3541869284442105
stop,-0.010315253674425508,-0.5154217712540684,0.49997826813775237,-0.004661693895334024,-0.49997826813775237,0.004661693895334024,1.068028338384974,0.5615282884856736,-0.935440577462882,0.4304546418855291,1.2087935371963907,0.003818503726441868,-1.1606185230480168,0.049846611090589445,0.30450461505179455,1.3789265352754632,-0.3712397035861407,1.3617293952630176
stop,-0.019020239462907356,-0.5219020905531268,0.4999819194278019,-0.004252087168791814,-0.4999819194278019,0.004252087168791814,1.0697116997699767,0.5629468395159895,-0.9825051993448845,0.42949591827796774,1.2044147235691292,0.01892150632475097,-1.1727196036926324,0.043849770195300834,0.3160310566063538,1.3614777455199805,-0.36860283240698094,1.3374825169035724
stop,-0.014964438816845787,-0.5235819090546625,0.4999919584352718,-0.0028357538788589863,-0.4999919584352718,0.0028357538788589863,1.0059087023341724,0.4540127033148349,-0.9279266595504848,0.4377968234702955,1.2142843254304707,0.022694409079068004,-1.1453360208320036,0.07184932746232044,0.3157638384165709,1.3796128613318923,-0.3693640268265799,1.3563760813498886
stop,-0.016838499746222632,-0.5275530937315613,0.4999700423894302,-0.00547327261437829,-0.4999700423894302,0.00547327261437829,1.0767344206183047,0.49892626208435475,-0.9399259633526508,0.44400777556639626,1.2204683677404093,0.0255437884292658,-1.15971538643631,0.052849501945225114,0.3185855714697444,1.3867925294255372,-0.3603776563161314,1.3663282016173974
stop,-0.018247040077145105,-0.5303154148876916,0.49995842556913467,-0.0064476896972492275,-0.49995842556913467,0.0064476896972492275,1.0881841460622899,0.504667546654943,-0.9807406721842393,0.441783381264963,1.2052252707479407,0.014251564300028653,-1.1788143944309781,0.03722907803178925,0.32854100851438445,1.3770578516856087,-0.350656644228378,1.3609093418569427
stop,-0.017157581992657732,-0.5289915502506247,0.49995037866133757,-0.007044066750478311,-0.49995037866133757,0.007044066750478311,1.0876712810317233,0.5047210483166783,-0.976233977263133,0.4349598737067927,1.2051844218755443,0.013233754887098508,-1.190073281000203,0.03712680873478571,0.33054630956817976,1.3738539538943255,-0.3472626853879102,1.357722832861287
stop,-0.005218739671641261,-0.5287927313400567,0.4999204278043918,-0.008919969948038172,-0.4999204278043918,0.008919969948038172,1.0075863402140732,0.45535661932080196,-0.9804901720884329,0.4395390824697777,1.2027479019334884,0.011982212529556387,-1.1925066567328648,0.04024957150139195,0.3332432011354937,1.3750556374879328,-0.3491454949368661,1.3619440554692388
stop,-0.006204140454727404,-0.5306097536767386,0.4999369545705764,-0.00793986490422928,-0.4999369545705764,0.00793986490422928,1.0010620651052622,0.4333929248669276,-0.9523303818480758,0.40619456985618874,1.2015437229944737,0.01304790429239842,-1.1804511056743583,0.03999736010555746,0.33844029664593733,1.3891861220821942,-0.3458972416442735,1.3763412466103833
stop,-0.026176715277146125,-0.5318790752714257,0.49990688942033945,-0.009648933105816146,-0.49990688942033945,0.009648933105816146,1.000568725599353,0.422919930838835,-0.95720737551583,0.4062679740923272,1.2021066713243338,0.0002940874173401286,-1.2089008022453172,0.03871865063117506,0.33858794595110103,1.3868493911113149,-0.34510043398914286,1.3744924558374092
stop,-0.043902214733286586,-0.5300033118609516,0.4999049627638261,-0.00974824107711921,-0.4999049627638261,0.00974824107711921,0.9930018605396668,0.4209596772945633,-0.9993227567034425,0.4153066117982943,1.1927243077143668,0.004311808535582532,-1.2110346569821737,0.04325030015378947,0.3359675146870407,1.3744659025070756,-0.3447362955112578,1.3628153260840565
stop,-0.046524690364042776,-0.5282986603494102,0.4999032669131372,-0.009834822294922564,-0.4999032669131372,0.009834822294922564,0.984052192771379,0.4271316347518248,-0.9956626859611649,0.4122495981751088,1.1872316470175532,0.004104015118938747,-1.2136042983701192,0.03856596417630126,0.3314304233506236,1.3730097492447377,-0.3454213929888051,1.3591859925380547
stop,-0.03634051132051628,-0.527211064705654,0.49989661905745203,-0.01016711635266672,-0.49989661905745203,0.01016711635266672,1.0431520070420197,0.5188817739538059,-1.0325464209854265,0.4455797925566194,1.1927271493441183,0.0030798823727709026,-1.2216413294496558,0.03557283181628749,0.3271347887456246,1.3697187182035324,-0.3557280932049871,1.354758311657623
stop,-0.02801452944125115,-0.5271368437830989,0.4999624352435086,-0.006128894303253721,-0.4999624352435086,0.006128894303253721,1.0190663561611824,0.5068157021578331,-0.9511183689129039,0.4376570336982284,1.1856243631407906,0.0042588027743176,-1.1543524736158381,0.04046242813263845,0.32860191564147345,1.3634237852294337,-0.352132782231769,1.351206453264707
stop,-0.026511174735609756,-0.5216000030045085,0.4999584215336957,-0.006448002600453649,-0.4999584215336957,0.006448002600453649,1.0618919471179833,0.5191133533658282,-0.9553355808543893,0.42430773245019915,1.1847894998849215,0.014120590273662493,-1.1595241358534032,0.04024274529260886,0.2856797453176237,1.3421182774512397,-0.3538919129617585,1.3391327298652111
stop,-0.019725896872103087,-0.5237965536548734,0.4999727812896407,-0.005217084387002065,-0.4999727812896407,0.005217084387002065,1.0841726907109033,0.5371478603946331,-0.9189666239694544,0.42593190922276547,1.1947731414792715,0.017550896872215636,-1.1725276799783015,0.0549027858400967,0.30703525583285673,1.3653466650130568,-0.3508576429648273,1.354767807351921
stop,-0.02212580235736661,-0.5230769700095386,0.49997450690573764,-0.005049004294363096,-0.49997450690573764,0.005049004294363096,1.0974429450810104,0.5402693483717547,-0.9272624633304442,0.4191330891516873,1.1921658150176353,0.01777911265905163,-1.1870938197769516,0.03630582673167141,0.3171197045890667,1.3628922943161959,-0.3507910255155096,1.3475832113017407
stop,-0.009024072279323447,-0.5198125196581944,0.4999731543901005,-0.00518120538222091,-0.4999731543901005,0.00518120538222091,1.0962349105513887,0.5434240960300718,-1.0225308978434744,0.40891817175326844,1.1936242867607945,0.018858593271574492,-1.2140091040478882,0.01771233149005164,0.32375949000687393,1.3659305626611102,-0.34785277295512723,1.348348831981755
stop,-0.01385712808254409,-0.5208688779802861,0.4999842464303281,-0.003969045413816768,-0.4999842464303281,0.003969045413816768,1.0949281223280294,0.553478029535343,-1.0116078964890358,0.40435699524998026,1.1912047892538198,0.017535284733521908,-1.213600248531529,0.015397576630486444,0.3243200567144253,1.369921079383864,-0.34756778217829015,1.3512812511227892
stop,-0.009695154205997831,-0.5176589075935388,0.49995415738471505,-0.006770562291242893,-0.49995415738471505,0.006770562291242893,0.9874470058749718,0.485527657171445,-0.9409534906225555,0.41440188378467663,1.2017175904108024,0.019061625073933972,-1.2013930156817767,0.018807289789553008,0.3296751336667543,1.3777088891971496,-0.3460664913406969,1.3617218229601844
stop,-0.009140588829279449,-0.517298182296033,0.49995556200054103,-0.006666035157665392,-0.49995556200054103,0.006666035157665392,1.0809951892368812,0.5188919306960479,-0.9519054815935453,0.43101274149664554,1.202856310192921,0.019775996081814153,-1.2036096851526588,0.025895066333791412,0.3489863564241625,1.362360797199001,-0.3340385693714211,1.3508795096617798
stop,-0.0016092762658439902,-0.5158888707690267,0.49995636400906784,-0.006605610254354893,-0.49995636400906784,0.006605610254354893,1.0324598937474314,0.5022561971206075,-0.9511742795085675,0.4246065174737264,1.198968413114122,0.01815232709095204,-1.1901206505155117,0.029372564785234798,0.3510505063754782,1.3690455924854699,-0.33031319920009683,1.3578348039807755
stop,-0.004807482566697748,-0.5125977221470526,0.49995283348800307,-0.006867626032120417,-0.49995283348800307,0.006867626032120417,1.015500168383939,0.4717367302439443,-0.9521416447608203,0.4166851788207059,1.1956933911119487,0.018513583491446262,-1.1912557280075624,0.029926566194442103,0.3488900839959227,1.3617873533664273,-0.32700106699954457,1.350456918509193
stop,-0.010952864514628995,-0.5140536234149444,0.49998135439396196,-0.004318015560351122,-0.49998135439396196,0.004318015560351122,1.0637060437579553,0.54888648132639,-0.9562115449075863,0.4035462549240655,1.1790329931330763,0.018859239887749225,-1.1764230712611776,0.01885362694795036,0.34362256776919325,1.3695332894430476,-0.3280418925281958,1.3492770459201051
stop,-0.014556697415901383,-0.5122319618597406,0.49998363438256993,-0.004045410930500487,-0.49998363438256993,0.004045410930500487,1.0967043188414958,0.5505442631208045,-1.0192817277253623,0.3957019988687961,1.1749009647929805,0.01931575993698032,-1.1861234957986022,0.011661718637195576,0.34003601077184076,1.3692746824730682,-0.33124145002576033,1.3481372337812607
stop,-0.01732209165190592,-0.5121751227729733,0.49997079002313394,-0.0054045465714852095,-0.49997079002313394,0.0054045465714852095,1.1041467197985946,0.5539994331897605,-0.9928524661471745,0.40092501838856975,1.1778473248868884,0.019901032216598502,-1.1799686064131147,0.013954930828236527,0.34884061517112247,1.3588082804983648,-0.33237905057245365,1.3467844395619497
stop,-0.015990876330108365,-0.5194581515456748,0.4999855679427741,-0.0037989273409234255,-0.4999855679427741,0.0037989273409234255,1.1229575444596327,0.55002786223438,-0.8212950295323986,0.4178056585154431,1.188343023587763,0.019453596583454705,-1.1218683780367067,0.08224123236851459,0.3506483836444799,1.373846219611235,-0.32530678510924654,1.3659634634196949
stop,-0.01632889188630362,-0.519260058016518,0.4999601516392681,-0.006312430026546793,-0.4999601516392681,0.006312430026546793,1.1265474264411874,0.5510981282426514,-0.7927954738067228,0.47562171209733495,1.195678033318336,0.017148765832785337,-1.034665810779195,0.29500982764638717,0.3457973516194182,1.3776865901437763,-0.33144835188259625,1.371213679909436
stop,-0.020030976042106595,-0.5176502525016583,0.49995952928574894,-0.006361530977081373,-0.49995952928574894,0.006361530977081373,1.120743377657549,0.5557856170435618,-0.8347399992045444,0.46354103981427824,1.19744739970766,0.020266033152578123,-1.1316346969595772,0.11602764338948282,0.3435931445228675,1.3835724310171915,-0.33228777026580236,1.3725349583443285
stop,-0.020020377346228323,-0.5154644364454406,0.49998381112163315,-0.004023507957872015,-0.49998381112163315,0.004023507957872015,1.1458590513660074,0.5416431815235253,-0.8620745716081223,0.42888137800372045,1.1983803649704499,0.023100085806913098,-1.1597913673837783,0.05069986172646809,0.3451950408067732,1.3856536003387685,-0.33326931043898445,1.3775856755748688
stop,-0.0022900697365849884,-0.5093871322768652,0.49999911766371136,-0.0009393271582149063,-0.49999911766371136,0.0009393271582149063,1.1234799968776374,0.5354709086612875,-0.9999937951783111,0.41185445560665573,1.1736362563473943,0.01819838572378841,-1.1802013728585263,0.03690679692459282,0.3411607419555514,1.353495224726078,-0.3299010264670293,1.3424445941836913
stop,5.4123494359559247e-05,-0.5119879392876964,0.49999696539006805,-0.0017420105404638544,-0.49999696539006805,0.0017420105404638544,1.1219134569165272,0.5508282593191018,-0.983720898344992,0.43936572056922646,1.186263177294349,0.02481427538950371,-1.1771576358855782,0.023362031768686488,0.27433482153558975,1.3631045929838255,-0.3527811449054641,1.3488238185988357
stop,0.005967357079750166,-0.5116248267877349,0.4999973221793751,-0.001636402595386986,-0.4999973221793751,0.001636402595386986,1.1153205694725705,0.5729914143770196,-0.9782382660128729,0.43736657165017223,1.186823553075607,0.02570759192516546,-1.1776901745363355,0.02521367642902969,0.2849329319600516,1.3668320806904124,-0.35129372747994725,1.3500542822337454
stop,-0.003113475483762775,-0.5143104312918245,0.49999410341416634,-0.002428281504259817,-0.49999410341416634,0.002428281504259817,1.1176125784040616,0.5732710812314827,-0.98696864470004,0.4202749948052356,1.1914512773650325,0.025758279525440138,-1.1838473064729766,0.019235688629794967,0.28487071439507333,1.3732646162939985,-0.3548522284135248,1.3562157971750068
stop,-0.0011682410010700184,-0.5131015188959419,0.4999987053869959,-0.001137809882202487,-0.4999987053869959,0.001137809882202487,1.1206604776687117,0.5695354666715051,-0.9269420633031564,0.4228185146851808,1.1909085252551164,0.028051371430096374,-1.1827243892687933,0.020727251320001448,0.29727811055566855,1.3767552078671843,-0.3578463257689435,1.358479417053514
stop,-0.0025394270462367275,-0.5144157166036832,0.4999998868066037,0.0003364422440000556,-0.4999998868066037,-0.0003364422440000556,1.1087122743881528,0.5729879883665056,-0.9986420303990066,0.41315383647674175,1.1859859684935856,0.02574449577383674,-1.1984428996602294,0.015291652235502244,0.31655252660732136,1.363871739322548,-0.34877939047289774,1.3450858097458522
stop,-0.0020432384043312787,-0.5162600037029349,0.4999902126102322,-0.003128465114844573,-0.4999902126102322,0.003128465114844573,1.1064249559344528,0.5673946550396847,-0.9915771947190417,0.4341644925201732,1.1833469615960626,0.019161066380196566,-1.2001691453295995,0.012277229147259903,0.3310442866211868,1.358722767852405,-0.34618565564606724,1.3449795626765224
stop,-0.0012810046373996997,-0.5139027859101262,0.49997384189148797,-0.005114432936835396,-0.49997384189148797,0.005114432936835396,1.1046390588298807,0.549040780845164,-0.9892329606660065,0.4300764442026994,1.1831146524719607,0.016237116360397225,-1.1990227435964544,0.013932996429971332,0.33219081732980116,1.359524712711563,-0.3449721121352236,1.3454514733390561
stop,0.007228901619347337,-0.5124560138284147,0.4999743171696625,-0.0050677579588765155,-0.4999743171696625,0.0050677579588765155,1.1121713955505068,0.5671198977420162,-0.9734247737150122,0.4438952168819239,1.179781056868102,0.0151029372008465,-1.1882382272061476,0.01361668838093773,0.33323126434658434,1.377090830806973,-0.34436970612026546,1.3585531103216701
stop,0.0070006132057467835,-0.5130775018928372,0.49999557346228185,-0.0021039292107754167,-0.49999557346228185,0.0021039292107754167,1.1152527404167918,0.5799487340723898,-0.8999538696718719,0.4438515036324982,1.1804555984672322,0.01985138444344448,-1.1784211117575039,0.048924757256786126,0.33353213762792533,1.3820612329086548,-0.3459722220269578,1.363513811441897
stop,0.00036734910671207906,-0.5117739302156358,0.49998285130993353,-0.00414106218123923,-0.49998285130993353,0.00414106218123923,1.1139582906907342,0.5435022723766368,-1.0076623064451942,0.4212013583177007,1.1794702288397407,0.018414526677037444,-1.1969211852090287,0.03775028419291126,0.33544262191987856,1.3646681240747534,-0.34624447103113903,1.350452736866373
stop,0.0067292408366624494,-0.5118574522465259,0.4999835627636773,-0.0040542528460862474,-0.4999835627636773,0.0040542528460862474,1.1162824682023966,0.5437231860151831,-0.993136434404845,0.4206137379112097,1.1787487234938503,0.016653355001710713,-1.186081507199595,0.03272823491460107,0.3353473941926895,1.3611464829983806,-0.3446342434810209,1.3466638545830394
stop,0.007079505646079364,-0.5143281496158002,0.4999524575031345,-0.006894942826195071,-0.4999524575031345,0.006894942826195071,1.1158834148891272,0.5631641059141709,-0.9444930978063564,0.45100833169087906,1.1780509075205903,0.013559270204894048,-1.1749063722690627,0.04274904305365487,0.33543240581091327,1.370137579384724,-0.34381135486135767,1.3546026262152044
stop,-0.005836991006560018,-0.5139543544189196,0.4999540305360619,-0.006779922620980369,-0.4999540305360619,0.006779922620980369,1.1153821396736783,0.5527528564259826,-0.9620153996221015,0.43531280463827715,1.1775166922149045,0.01637886545122828,-1.179443850644778,0.03039635275054977,0.3354188147042166,1.3690682344037797,-0.343321763943358,1.353847426597702
stop,-0.00661202589906529,-0.5135648673207179,0.4999549679549413,-0.006710440907536636,-0.4999549679549413,0.006710440907536636,1.1179319544738258,0.5362308808805026,-0.9939241682325655,0.4254486490367975,1.1820868554477713,0.01752830564236602,-1.182361022050487,0.00970762239070356,0.326205214421112,1.367959192355323,-0.3491641770764206,1.3513025309792097
stop,-0.005566098349570579,-0.5113283571378407,0.4999678254185624,-0.005672172972849507,-0.4999678254185624,0.005672172972849507,1.109807246392916,0.5364964520406513,-1.004605856108836,0.4084815397140032,1.1821387358559414,0.018759190710672304,-1.1873909353004986,0.0100842361764553,0.3262071137758216,1.3556193547889401,-0.35256015970315774,1.335559379670224
stop,-0.00469684583952651,-0.5112637571961872,0.49995939207148316,-0.00637230566694634,-0.49995939207148316,0.00637230566694634,1.1147622316574664,0.5443249270537274,-0.9912052191024213,0.42144846190348506,1.181677537012095,0.021527560736408626,-1.1791752398584154,0.012787592610880805,0.34249231891922527,1.3592950028187045,-0.3347812716520715,1.340353135115555
stop,-0.015602310671047863,-0.5171271703641135,0.49995749297575576,-0.006519602549017586,-0.49995749297575576,0.006519602549017586,1.1268368407878677,0.5498864526299233,-0.9240328194483715,0.44126062173106056,1.1888185821407347,0.021378685405804048,-1.1898609779883953,0.017137564836831407,0.34606670644990045,1.373621512311605,-0.33615884444925626,1.35864965557289
stop,-0.005398860148004445,-0.5094096028466387,0.4999959161311485,-0.0020208543177300487,-0.4999959161311485,0.0020208543177300487,1.0971086586643533,0.5504828236784789,-0.9875927698029269,0.4335030128775568,1.1822506287069636,0.02248410469353055,-1.189149927011171,0.03677846633816102,0.3460117178102427,1.359992995123513,-0.3440369274481117,1.345808187003694
stop,-0.0031195464979824937,-0.5088137750277019,0.4999989565730961,-0.0010214821658500427,-0.4999989565730961,0.0010214821658500427,1.0939804062969338,0.580763657035292,-0.9834365713463927,0.42997517459015105,1.1775455332965448,0.020937453995785456,-1.185593557416121,0.022209532980224104,0.3452574849814197,1.352630027979609,-0.34219205117924884,1.3376131246974567
stop,-0.0020305272980971124,-0.5086480151586451,0.49999882839886695,-0.001082404619566892,-0.49999882839886695,0.001082404619566892,1.1171854438939748,0.5773386170830416,-0.973171183506437,0.4251144614697435,1.1760670485463383,0.0193822260408841,-1.16628359312401,0.01994793847095037,0.34046970376994273,1.3613559010905063,-0.3428128712689808,1.3380609171555495
stop,-0.00164332892210657,-0.5124497043328629,0.49998801260352127,-0.0034622612236920474,-0.49998801260352127,0.0034622612236920474,1.1039421802888054,0.5847894748668542,-0.9802772547327337,0.4467328171391073,1.1995770231271679,0.02460325727249409,-1.1748848634278035,0.02548611741326428,0.2735191830616692,1.3621748512484728,-0.3607054573022222,1.3455288412614008
stop,6.966733030901299e-05,-0.5087353025818657,0.49999014037852246,-0.0031399879403326857,-0.49999014037852246,0.0031399879403326857,0.9944537629864125,0.5166827653778265,-0.9983082224529071,0.4455401848539625,1.1930266732210129,0.02420361285988373,-1.1733933685972373,0.024624572618069347,0.3127643601330852,1.352645725007644,-0.3593952808135808,1.3303858688024313
stop,0.00913804144666196,-0.5047033272664959,0.4999997931402975,0.0004548182710771308,-0.4999997931402975,-0.0004548182710771308,1.0418733390995645,0.5585478710918496,-0.9259266903027437,0.4203555934989614,1.1832496204496292,0.0284700195395409,-1.180769833295112,0.027448946314130914,0.34992349300676506,1.3596668554463665,-0.3235171051397515,1.34094740245689
stop,-0.0058504104774476295,-0.5059519521429089,0.49997822329415287,-0.004666501004200202,-0.49997822329415287,0.004666501004200202,1.09196843652081,0.5396323024512325,-0.8155058552620373,0.4209283325250722,1.1854677670990996,0.027769194114638938,-1.0800323440823245,0.18113241366865607,0.3477894598670899,1.3662605825793428,-0.32480317037690687,1.356584009852739
stop,-0.01239716870272845,-0.5082760555156178,0.4999443651855398,-0.007458667389529727,-0.4999443651855398,0.007458667389529727,1.1015889513736152,0.5414158590854022,-0.8947402753643692,0.44805994255766746,1.183366122731419,0.025383282168341195,-1.1258279057040184,0.10643375572528477,0.34793333345704247,1.3544348090615395,-0.32530510674369945,1.3442981290420553
stop,-0.002430567841275042,-0.5068785215695324,0.49996079756454787,-0.006261062100092409,-0.49996079756454787,0.006261062100092409,1.059748537442054,0.5170617561275245,-0.9012433776001797,0.44842228529903644,1.1769208336840824,0.026578849997097323,-1.1356678881540978,0.10208875556207903,0.35016008101815577,1.36832975010505,-0.3271595123195324,1.3565803330812662
stop,-0.0016674585236304044,-0.5046084321516912,0.49995666569669495,-0.006582736926478127,-0.49995666569669495,0.006582736926478127,1.1010679497364662,0.5256677254992442,-0.9787844308183827,0.44606020883768743,1.184211296770033,0.022748745839794703,-1.1700329954008142,0.06446443249554687,0.35070109067282657,1.3601237143404534,-0.3356237937291961,1.3482575789077833
stop,-0.004666003536737746,-0.5021739449727303,0.49997023935694784,-0.00545525043937175,-0.49997023935694784,0.00545525043937175,1.0747543175943528,0.5390657081625405,-1.0280331903321054,0.41057646545793625,1.1789791867385977,0.02808995472590519,-1.1800082098943643,0.03655717814409858,0.3289959549645307,1.3497851329807546,-0.34983294533642484,1.3263831425877013
stop,-0.004827331697588634,-0.5050376506995545,0.49997894454366537,-0.004588574179676666,-0.49997894454366537,0.004588574179676666,1.0783475639792912,0.5538472261855645,-0.9911300441712333,0.4144237182390705,1.1801068590349162,0.02771279049307761,-1.1680426133648993,0.028937073328858608,0.33109714451896566,1.3530361386409415,-0.3480546695010049,1.330814528992311
stop,-0.005840342878072196,-0.5047885677131854,0.49997263268993714,-0.005231305868825231,-0.49997263268993714,0.005231305868825231,1.1371548653808532,0.5511399305443215,-0.9899119885219256,0.40252303480369833,1.1784719966778747,0.02453168380050497,-1.168318066357469,0.024078113037847564,0.3396598406520438,1.3616037613778913,-0.3375455964736529,1.355636053885745
stop,0.003085236120937053,-0.5063939483287754,0.49998426387761846,-0.003966846953941072,-0.49998426387761846,0.003966846953941072,1.1065023482516991,0.5637589636783225,-0.9863765892906825,0.4106028122719472,1.1772973552162886,0.037167369202419386,-1.1743442438584808,0.025324450409935105,0.33904189030366727,1.3519556983519996,-0.33826943629019396,1.3407194421008573
stop,-0.009709396435347158,-0.5084911369335607,0.4999714789338448,-0.005340435628668939,-0.4999714789338448,0.005340435628668939,1.1024047831222765,0.5739925411154329,-0.983617538447482,0.433784537384069,1.1765357720080973,0.03228698569935098,-1.1653992120360146,0.023036174238628363,0.33769462552938556,1.3513666999686242,-0.34635855609777555,1.337247810828828
stop,-0.012903284007852348,-0.5082117417147524,0.49990325795147506,-0.009835277804971754,-0.49990325795147506,0.009835277804971754,1.11647734514183,0.5332294901724474,-1.009774398001011,0.42297104536655433,1.1987578213319057,0.0338397293060428,-1.1730365322523706,0.025662938101827928,0.2770225388521555,1.3504015804595186,-0.3508073501629657,1.3288735045904834
stop,-0.005713944859611566,-0.5060106796790192,0.4998115163640796,-0.013727640359487682,-0.4998115163640796,0.013727640359487682,1.0307907208067537,0.4710810675665972,-0.9873424265996563,0.43532618646973226,1.2056464752673512,0.03724397747626416,-1.1785306457186329,0.03213689416302482,0.3073680043344347,1.3591251114030736,-0.3434512056513401,1.3425286077621545
stop,-0.002477791158750472,-0.50456492231554,0.4998567058853366,-0.011969694292673562,-0.4998567058853366,0.011969694292673562,1.1063725552929458,0.508347933842,-0.9858541310387177,0.42292791701221033,1.197785123259217,0.03724842396715393,-1.1774785797895209,0.03782213899206069,0.3536550257381543,1.361005702449821,-0.3182664293460648,1.359084285664564
stop,-0.000700331263789182,-0.5017241311549269,0.49986299605652856,-0.011704066532231472,-0.49986299605652856,0.011704066532231472,1.1013075701076305,0.5442369019046206,-1.0076951985804448,0.4558173373989032,1.1625634936768987,0.029087201238440847,-1.198514693092426,0.039416790897997954,0.35823064418711864,1.349295347103237,-0.31691088785117594,1.3470842528510154
stop,-0.0012371544280408565,-0.5004118973865525,0.4998914562687403,-0.01041786684105977,-0.4998914562687403,0.01041786684105977,1.102025997764443,0.5663320144268829,-1.0047923413269821,0.43352449093211193,1.169719637313076,0.02887286587528927,-1.1922634412469266,0.032600250835780234,0.3532597945429203,1.3665328865637987,-0.32310316686225277,1.3528033903293297
stop,-0.0010817081854884811,-0.5034223185233839,0.49987866011168564,-0.011014770308356217,-0.49987866011168564,0.011014770308356217,1.1114021998777108,0.5739926316397106,-0.941333852492108,0.4461945648292077,1.1788520778530531,0.028705986707933777,-1.1845074569430318,0.032350006837655536,0.3526513683509718,1.3766362847589586,-0.32952265378214524,1.360870597374577
stop,-0.004647471141060786,-0.5043371320241133,0.49986362055250894,-0.011677364777098402,-0.49986362055250894,0.011677364777098402,1.1118946612309581,0.576423627841295,-0.9463019927255861,0.43382198460832994,1.1801407337736738,0.028058455885260816,-1.1810134704667412,0.033064309222641315,0.3497141722418603,1.381936366079247,-0.33266276500202424,1.3661382193108336
stop,-0.011101443668367615,-0.5041248498016868,0.4998169270688539,-0.013529206016911462,-0.4998169270688539,0.013529206016911462,1.104026751930652,0.5620763917260126,-0.9100197005042461,0.46324693376720405,1.1852612851716267,0.029005084988567013,-1.1726012013643845,0.03578368261439395,0.3518359320740879,1.3869007370244961,-0.3323171850504132,1.3721097030805482
stop,0.013273417742615095,-0.5017013759916067,0.4998320211596288,-0.012959576516242384,-0.4998320211596288,0.012959576516242384,1.0426848303229597,0.496495584064784,-0.927860306752209,0.45319303903437,1.1783126594461797,0.028886041097626963,-1.1666719662393397,0.0319573653105191,0.3535238084416003,1.3803132887175524,-0.33051524960949263,1.365869453010561
stop,0.014069258859599783,-0.5027107201962917,0.49987698597196223,-0.011090486715498738,-0.49987698597196223,0.011090486715498738,1.0739807856964516,0.5287441451786598,-0.8942802786753886,0.43236185296277846,1.1767720631800391,0.029025061804040925,-1.141129033016855,0.030993117758042074,0.35071755377972047,1.3806434136045924,-0.3290411420589709,1.3699579005466684
stop,-0.01040237827544314,-0.5027490713574995,0.4998740714253381,-0.011221083577624474,-0.4998740714253381,0.011221083577624474,1.1266670826117098,0.5355572368848592,-0.9008243581191362,0.44548454650970626,1.181718294711164,0.02906391277949485,-1.1553105526081737,0.05895576596502502,0.34874822691213486,1.3874532887889934,-0.3298120147960562,1.3792756416937644
stop,-0.027391940516542514,-0.5033224714429817,0.49983816929676034,-0.012720240330399693,-0.49983816929676034,0.012720240330399693,1.087188055584113,0.4692268585824322,-0.9186806825224253,0.43139419203835333,1.181861256506287,0.025391337345613565,-1.1572680776961695,0.05818688614079277,0.3505463395450586,1.3863553553393893,-0.3293844925042857,1.3782647227454539
stop,-0.02550943828896174,-0.5048539858353167,0.4998200975857878,-0.013411564015189493,-0.4998200975857878,0.013411564015189493,1.1109078568565616,0.47193003919897064,-1.0108194008466747,0.42433308072995574,1.1877309009747996,0.017200088743968254,-1.1856183898696002,0.04752789531841793,0.35076818005383154,1.3730083554106436,-0.32954109498778,1.323386697979661
stop,-0.012140239409660376,-0.5006423085853946,0.4998427433884157,-0.012539213768908158,-0.4998427433884157,0.012539213768908158,1.1007886723410785,0.543278354887013,-1.0040925353832533,0.44417472151095333,1.1724786689884257,0.017665162126426496,-1.1863589576809999,0.04463439405485742,0.3524674069352558,1.3475148154651795,-0.32477284103745174,1.3125937455295105
stop,-0.011941951332808239,-0.5021858090256116,0.49987935062554295,-0.010983388283473509,-0.49987935062554295,0.010983388283473509,1.0993905780637645,0.562940455296932,-1.029160200247428,0.43298822591645003,1.1718198213839086,0.01712025194275888,-1.193591211488697,0.04274275955934242,0.3527275189476463,1.3456240477546921,-0.3275166812032047,1.3153736260840023
stop,-0.02098135011106192,-0.5037124995745167,0.49988313519002586,-0.010809771162718113,-0.49988313519002586,0.010809771162718113,1.1007746274247456,0.5596565848770733,-1.0394752857382366,0.4208077274802517,1.171454204068455,0.016734465062638725,-1.1935538893522117,0.036840369641737265,0.35118097166889206,1.3475847319882488,-0.3277423957660335,1.3247754821734732
stop,-0.025923777359605105,-0.50504189561251,0.49989485780624937,-0.010253347690860174,-0.49989485780624937,0.010253347690860174,1.1152437270196893,0.5593099592906282,-1.01413284868036,0.41302913712225203,1.1716526405590189,0.013649263796991913,-1.192980114868006,0.032981612001169926,0.35271868445967763,1.3505518757641608,-0.32579352333812855,1.337161267687769
stop,-0.023889498148353627,-0.5015897263594021,0.4999065618711031,-0.009665888381985697,-0.4999065618711031,0.009665888381985697,1.0971281831226973,0.5625599575196353,-1.0081577106250703,0.4161347575524209,1.1717347532744118,0.012706413105754186,-1.1897010645927055,0.03080971507534078,0.34493679050800913,1.3437780816979772,-0.33205790545834674,1.3283581292561915
stop,-0.01634841303365534,-0.5030086713485468,0.49995187535460084,-0.006937025977872726,-0.49995187535460084,0.006937025977872726,1.1101559859249897,0.5821858353618422,-0.992445913978906,0.4171342930376268,1.1680971158314994,0.010761584459097398,-1.1648697902256404,0.020715981821701958,0.33886939784757253,1.3552040514520862,-0.3427459714958431,1.3316797213827356
stop,-0.016656537470138424,-0.5050038918103102,0.49996225615243106,-0.006143486222892822,-0.49996225615243106,0.006143486222892822,1.090961174595981,0.5837223535899659,-1.0136840687750504,0.4121737907796028,1.1786482380684653,0.01818704367221538,-1.1643718213860688,0.019338489280970057,0.3281098816694558,1.3608552748814504,-0.3527807260299636,1.337533962096775
stop,-0.011791358227342622,-0.5047342663997186,0.4999488732843763,-0.007150112004902074,-0.4999488732843763,0.007150112004902074,1.0873147126228735,0.5904771895068881,-1.0094699880883762,0.42390435687208555,1.1741698743282796,0.023244989958623577,-1.1591780530418623,0.017821546870833423,0.33641610783421094,1.3539280278348296,-0.35126156265035174,1.3308615515744497
stop,-0.014261262917023567,-0.5039413914651352,0.49993230998457056,-0.008227115745585675,-0.49993230998457056,0.008227115745585675,1.0973833677841807,0.5699817381075835,-1.0065638299381674,0.4229242331694654,1.1756819744054787,0.020884890435479288,-1.1660239494897962,0.016346051820396154,0.3448510557837863,1.3516530149015162,-0.3369235289959087,1.3317402350846217
stop,-0.013705683735069392,-0.5041835729715233,0.49993911200222646,-0.007802838613303913,-0.49993911200222646,0.007802838613303913,1.0968782838515192,0.5781282519275216,-0.9925619858404376,0.4245331385163318,1.1704120151801978,0.01797265689476981,-1.154350371148188,0.019566095433000318,0.3453289469738075,1.3460332076018764,-0.33388911234136603,1.331475837809706
stop,-0.0159542145936238,-0.5012275886575073,0.4999703728457018,-0.005443002528928074,-0.4999703728457018,0.005443002528928074,1.097589852526918,0.5428235443590046,-0.941515029033909,0.3757147465918007,1.172463718168956,0.01932183364618394,-1.1608525186885146,0.023068791677433656,0.335124535323286,1.3548965158531334,-0.33645526546889576,1.338426002709895
stop,-0.022518766260133206,-0.49986985558662106,0.4999223667865107,-0.00881062918147706,-0.4999223667865107,0.00881062918147706,1.1051283456236116,0.5449315275996435,-0.9595827894342525,0.38821613135591093,1.1801506091431813,0.024294566381082523,-1.1724316426285206,0.028417991688069532,0.3331771832363606,1.3742161384215084,-0.3439370804255873,1.3572314580036193
stop,-0.034646190745414696,-0.5033704158532617,0.49985773027282243,-0.011926838914913938,-0.49985773027282243,0.011926838914913938,1.1323835638436894,0.5425351541383389,-0.9408422322946179,0.3983851818046702,1.1827791306172002,0.01906272196603977,-1.1924990937337285,0.03377914158651765,0.33290488142576213,1.396148104761056,-0.3415105029105011,1.3807609889612524
stop,-0.038065330207420846,-0.505302386404123,0.4998606693776488,-0.011803016958766739,-0.4998606693776488,0.011803016958766739,1.1114063686109017,0.5409499984855982,-0.9899760093077532,0.3994138103310205,1.1804797795685904,0.020732738528824683,-1.2080901032064622,0.0416496422572781,0.3336232186690443,1.3725011565905474,-0.34346705246705783,1.3559103748989343
stop,-0.03503970100897397,-0.5047996440389362,0.4998842032134412,-0.010760268475414428,-0.4998842032134412,0.010760268475414428,1.112031426384173,0.54340699107294,-0.980707186397857,0.42923169975432596,1.1789601564268013,0.018111417078776185,-1.191892039697906,0.049023585132237056,0.33265986377503853,1.3679595787273602,-0.34399515270083614,1.350354012477896
stop,-0.041156804766899605,-0.5088528185450863,0.49987475742834764,-0.011190481935580816,-0.49987475742834764,0.011190481935580816,1.1084904767184307,0.5542841678991419,-0.9854761612489998,0.42157387851992795,1.1778265484817643,0.01887490419594061,-1.207834650136771,0.032500275184697794,0.3359412695919863,1.3690567083230096,-0.34286458092947064,1.3515630024338587
stop,-0.041962160360076495,-0.5084648337150242,0.4998701491158476,-0.011394473348964417,-0.4998701491158476,0.011394473348964417,1.1110194900100971,0.5401362568343944,-1.0177013319492763,0.4211833665450142,1.1799879142472993,0.010763102743945756,-1.21079568995044,0.029635305708369492,0.33908067511707995,1.368607365631269,-0.34224475879772887,1.3511042521028418
stop,-0.044561168710064186,-0.5091094569792466,0.49984272223361104,-0.012540057021127562,-0.49984272223361104,0.012540057021127562,1.042984375887286,0.47934860857935147,-1.015568347995282,0.41775677815875395,1.1811281058771645,0.003936001121961067,-1.211534764371949,0.03058146700332682,0.3413462591132333,1.3635935387467863,-0.34302013449936347,1.349256583457475
stop,-0.01024558725264488,-0.50354176922327,0.4997829469230898,-0.014731122322214333,-0.4997829469230898,0.014731122322214333,0.9946103334660292,0.4430264857635265,-1.0034128814707788,0.42343680264023587,1.193143628510009,0.015076705475431494,-1.1972620130301947,0.038246050066354176,0.3349640461591918,1.3673378806838181,-0.34364393496861145,1.3445094792485308
stop,-0.009879776097538892,-0.5032289796069669,0.4999365223056612,-0.00796703614408024,-0.4999365223056612,0.00796703614408024,1.008155920959489,0.45103246565080707,-0.9368533768861599,0.4217765955078962,1.1911378954350182,0.014008699585178953,-1.149997140980792,0.053050238818138036,0.3395033080829908,1.3843787143578306,-0.3438497466953807,1.36788998172146
stop,-0.009236898286586626,-0.5030159220732021,0.4999268136704091,-0.008554587854016717,-0.4999268136704091,0.008554587854016717,1.0511157798046495,0.5056826831101876,-0.9409032086543521,0.4230670669376578,1.191692604134084,0.016718345199632202,-1.1769876653160383,0.052326155126897034,0.3403932278006112,1.3630003295401951,-0.3431083809050247,1.3492845368220192
stop,-0.01654882162953326,-0.501629126685708,0.499922393561945,-0.008809109790197193,-0.499922393561945,0.008809109790197193,1.010237814701737,0.4541123160349075,-0.94604913144779,0.4219554769164396,1.1873871739139004,0.016913700942985485,-1.1949622554716572,0.04657896268974813,0.3418958315004746,1.3507339112532486,-0.34021886367728793,1.3388554677181765
stop,-0.034264750714485946,-0.5049521215260142,0.4999024323626227,-0.009877151306597302,-0.4999024323626227,0.009877151306597302,1.0009532945883541,0.4360634977706894,-0.9589478496578892,0.4146478230337495,1.196696976907839,0.01857170436535867,-1.213687637577754,0.03836358841548281,0.3432998706948304,1.3418979266783284,-0.33457015941211365,1.333445608373662
stop,-0.007864638562454108,-0.5057207189421523,0.499903578397435,-0.009818976802070932,-0.499903578397435,0.009818976802070932,1.058544442865601,0.5428097372671499,-0.9519741559670297,0.4453738674682842,1.1910536739639819,0.014377603209480108,-1.1991773666862466,0.03492325221952158,0.36130250789503676,1.3397114038926996,-0.31262117823958685,1.3332815135192835
stop,-0.007414335046599901,-0.501827684490298,0.49992989614045563,-0.00837251127161256,-0.49992989614045563,0.00837251127161256,1.0857582641156436,0.5423450662685944,-0.9120502551378553,0.5185672425791422,1.181442805391633,0.01499900847351782,-1.175407404184264,0.03520646405809459,0.3600668585014135,1.3326929922324253,-0.3103283523427958,1.325908170927484
stop,-0.013436315577828565,-0.5017024815895744,0.4999253176858923,-0.008641570265848917,-0.4999253176858923,0.008641570265848917,1.036560999740846,0.4751051649451392,-0.9156115861690443,0.446341917196344,1.1814404227767086,0.01553064072351588,-1.1761884162058565,0.034268022332585565,0.35955386140291185,1.3353187525468064,-0.3119729783353043,1.3269974984203385
stop,-0.017766260582377034,-0.5057095250930088,0.49987659727100286,-0.011107992652300417,-0.49987659727100286,0.011107992652300417,1.0785144691653277,0.5289031056423698,-0.9223744341536849,0.443055430957625,1.1801009418813426,0.01176728430795256,-1.1626884907944937,0.03612503031691862,0.3626046647288006,1.3383648484731956,-0.31045078692759476,1.3401273170251766
stop,-0.019459845109622925,-0.5002352078819904,0.4999312562992355,-0.00829089712082258,-0.4999312562992355,0.00829089712082258,1.117275622310173,0.5278607165223302,-0.9961339404498211,0.43218651368981004,1.1810752086307,0.009268568995275782,-1.192567688264795,0.0353984792931617,0.35567255491749905,1.3333099392795746,-0.3174818372958847,1.3326152171476102
stop,-0.024431666208104746,-0.5036989246621153,0.4999370248753809,-0.007935436897414449,-0.4999370248753809,0.007935436897414449,1.1080269876419622,0.5530120036497536,-1.0266750429869265,0.41902496434832975,1.1778123182046485,0.009227129732963418,-1.2164184966569938,0.01861205856103319,0.35216421531569897,1.3485502050119904,-0.3201217217160313,1.3389321203607507
stop,-0.027828170411865548,-0.5020149359798002,0.49989892629779137,-0.010053033687167838,-0.49989892629779137,0.010053033687167838,1.1051867332474654,0.5570635326112743,-1.0254099990729455,0.4191591585984995,1.176706414804523,0.009940511678069051,-1.2127545235225328,0.027787248006498507,0.3609070838432628,1.3469812293796204,-0.31909780152128125,1.3377588222651413
stop,-0.02846536681049154,-0.5030039971363769,0.4999090078306645,-0.009538547570808659,-0.4999090078306645,0.009538547570808659,1.1029690482875265,0.555494985446388,-1.0251940639548605,0.4195358747840211,1.1736226243063108,0.009934633615843812,-1.2118343704454795,0.028916141518269118,0.3599318094497716,1.341859721451774,-0.3188335788376857,1.3330042601346923
stop,-0.02863393270787608,-0.49865475839693185,0.49990820175821155,-0.009580700124272227,-0.49990820175821155,0.009580700124272227,1.1007344660389113,0.5602128540966641,-1.0039831506412842,0.41996918127348204,1.1723890177537273,0.018227955324975176,-1.2160337034023505,0.03369964634622826,0.3590029419823479,1.3450752475203371,-0.32075927330500775,1.3355398102458154
stop,-0.028069587406340503,-0.49729734010054943,0.4998750112992476,-0.011179135860033105,-0.4998750112992476,0.011179135860033105,1.01356089970352,0.45798642249297056,-1.0169078970846304,0.41877649644694637,1.1726720125016212,0.021213955236212213,-1.2160354259876318,0.03569326241725668,0.358888670143086,1.3245867075945896,-0.3233326828551301,1.3099362493078102
stop,-0.0181663016139382,-0.49860249743719665,0.4999190269445279,-0.00899813863176249,-0.4999190269445279,0.00899813863176249,1.0820372737625252,0.47805694468018184,-0.9197709227028089,0.40710089214129497,1.1763538002380218,0.03384405529551189,-1.139058402341185,0.0713550018457098,0.3599230665945353,1.3392709960494331,-0.3200728802869776,1.336258635508544
stop,-0.017231630797144622,-0.49608840388918496,0.4999478803036084,-0.007219209093025016,-0.4999478803036084,0.007219209093025016,1.020816956436539,0.4778570624303656,-0.9248126785760576,0.4057485721089067,1.1695608260835402,0.033442826144012526,-1.1429079402060742,0.06169610145351498,0.3555200382217866,1.3339807664076102,-0.32114290672330775,1.3297672574633816
stop,-0.016009361726228615,-0.4966182812576939,0.49995958332397855,-0.006357282635982503,-0.49995958332397855,0.006357282635982503,1.077264644615521,0.544827124799768,-0.9186584420255007,0.40262646606812713,1.172521056555315,0.03298531776522114,-1.1504908992860892,0.04786869655569283,0.356615508027951,1.3530764100658095,-0.31721418997565876,1.3422622696712345
stop,-0.02497831605354077,-0.5006784983364575,0.4998780775023701,-0.011041178946765162,-0.4998780775023701,0.011041178946765162,1.12416141222867,0.5393971658677621,-0.9226566233262268,0.447728765572292,1.1871970336384075,0.02854747060333783,-1.153939885381959,0.044331382304420394,0.3541496997271791,1.3582525102841447,-0.32272048901089656,1.3458876513305276
stop,-0.02485122680142327,-0.5011462726369339,0.49989078000736886,-0.010450266198730705,-0.49989078000736886,0.010450266198730705,1.0632369281685665,0.48229431358621316,-0.9580754014196609,0.42911697563793133,1.1869913724840446,0.020188831828064576,-1.158920135219791,0.04350505956702095,0.34741821418812147,1.364049781618219,-0.33159625068281734,1.3501081631856027
stop,-0.024688569571463953,-0.5024136505418078,0.4999015666488268,-0.009920870024777187,-0.4999015666488268,0.009920870024777187,1.0688550726048198,0.5298808238481005,-0.9537719661018192,0.43913170647204103,1.1852798475395816,0.026016022971102712,-1.1625460023552663,0.04779634536607153,0.3485624949268573,1.363390522167639,-0.33190006451387205,1.3504545973892965
stop,-0.017659978591558857,-0.49654054473544273,0.4999099184749855,-0.009490701256144228,-0.4999099184749855,0.009490701256144228,1.021752260672519,0.4981524653798298,-0.9950144830551801,0.43210832092350593,1.173480165127331,0.02462430847155914,-1.1698149338006187,0.04676127623075816,0.35123081443478454,1.3421348724900648,-0.32188101788686047,1.3302718865421768
stop,-0.022835166604040582,-0.4975428955532895,0.49993745630106995,-0.007908210114544966,-0.49993745630106995,0.007908210114544966,1.0486684482253037,0.5222368298966076,-1.0140348723254133,0.4264092955253512,1.1677578582245745,0.017686756047166616,-1.1809503709430786,0.031612197829163025,0.35063464435835984,1.3336639196578548,-0.3270296613017686,1.3159057666277585
stop,-0.012617170424045214,-0.49192532180527254,0.49997422726437657,-0.005076620075353972,-0.49997422726437657,0.005076620075353972,1.0273845362506024,0.4556609842555487,-1.004974358593562,0.4187158284794394,1.1756703543412224,0.028299103682423016,-1.1941631251575513,0.03600392206862099,0.3524974009766934,1.3454736282716782,-0.3285536229974263,1.330154620675525
stop,0.00044017323708847036,-0.4954963399229667,0.49998231278890337,-0.004205579420151703,-0.49998231278890337,0.004205579420151703,1.00912181016414,0.45777335600405933,-0.8458327931577698,0.4465756865879487,1.1635820537566746,0.036773006369886466,-1.118548430027951,0.13066058498504649,0.3616635878952858,1.3670359655586046,-0.3085637595186978,1.363728736574592
stop,0.0032605655527020226,-0.49948201389226726,0.49997948594941943,-0.004529197473538241,-0.49997948594941943,0.004529197473538241,1.0093053724752485,0.459497121694346,-0.8735283772496837,0.4708764496391088,1.161491599269375,0.034290361022500854,-1.1168257321090875,0.1032665312668924,0.3613442377867096,1.3575470675541055,-0.3135070746106473,1.355891061957733
stop,-0.00079062899927311,-0.4968968589087238,0.4999798684582635,-0.004486773501918629,-0.4999798684582635,0.004486773501918629,1.0872400101422075,0.5434432288435574,-0.9800457770326185,0.4402296963944098,1.1649204128329989,0.03734873495673222,-1.184853743105962,0.059255455755782324,0.3611437191341209,1.3603227693749604,-0.31528243743385986,1.3565044028599604
stop,-0.002998760937444095,-0.5014500091762714,0.49996336392628377,-0.006052663175357314,-0.49996336392628377,0.006052663175357314,1.0475731833293624,0.5370253899865626,-0.9286884966564449,0.4587725231608239,1.160445132300212,0.034429355781701344,-1.177392413459124,0.06368884496411402,0.36679598746399517,1.376369549748421,-0.31061023832807577,1.373758770973314
stop,-0.0039249848493359794,-0.5023565846635649,0.49996990047765333,-0.0054862205903010875,-0.49996990047765333,0.0054862205903010875,1.072501970755819,0.5390104181604873,-0.9283975776311468,0.4492739907351498,1.1619324828291369,0.034065631431105275,-1.1853070779072037,0.06408377897722489,0.3518847495393827,1.3731499499811235,-0.3277350988830032,1.3664692191093377
stop,-0.009040385536675244,-0.5053457596558268,0.49995363593886777,-0.006808958180663474,-0.49995363593886777,0.006808958180663474,1.0901105293718774,0.5784094498443912,-0.9235809332299526,0.46031106797003335,1.1572614138175903,0.028905483645969378,-1.136323616238087,0.0762515197368746,0.3435419029751871,1.368169119040258,-0.3375132159113067,1.3557591414635122
stop,-0.019123146462373307,-0.5083450636323646,0.49990914003637243,-0.00953161623726856,-0.49990914003637243,0.00953161623726856,1.1131149169209682,0.569105729595715,-0.902848306169958,0.4607797473341446,1.1772891612898486,0.026509413445102634,-1.1371889349489264,0.06342158888656718,0.3463724313534693,1.3658728508117484,-0.33416571045293486,1.3567590602934239
stop,-0.015149830883310572,-0.5054091770189681,0.4999275793146664,-0.008509726234015002,-0.4999275793146664,0.008509726234015002,1.1080092909320005,0.566436390224053,-0.8722478599149914,0.5353600752864909,1.1675899728713524,0.026945682437738098,-1.1246190512744334,0.062111424904880426,0.34737585462925774,1.34823448847646,-0.32806460592352715,1.3399052115948924
stop,-0.022796228145746958,-0.5098524849909124,0.4999417209214418,-0.0076338510666126005,-0.4999417209214418,0.0076338510666126005,1.102193431897131,0.5923345079573251,-0.9135253079721259,0.5170293856672797,1.1678398372140912,0.0254440151666713,-1.1226912908683,0.05082276518930572,0.34562859833077103,1.3766122000333227,-0.3316174455385344,1.359210615555152
stop,-0.021359949829131177,-0.5044476637478649,0.4999519986408071,-0.006928135034941347,-0.4999519986408071,0.006928135034941347,1.1154576846021167,0.5506652564555578,-0.9473953785013471,0.4437058334672285,1.1781825621834767,0.02824275891190094,-1.1587962308029256,0.03611729982818497,0.33522306847192707,1.3806322873364238,-0.3409047925267454,1.3596531176692106
stop,-0.017306699006849467,-0.5058335442553625,0.49995681384703666,-0.006571475322906939,-0.49995681384703666,0.006571475322906939,1.1154140957538872,0.5532961691417182,-0.9530620982335031,0.42773714578475597,1.1793192633940919,0.02729991370268059,-1.1612213373918348,0.03607265384011351,0.335302343023947,1.3822093716127124,-0.3396054755142294,1.360248339004289
stop,-0.02983260605585443,-0.5067774352484473,0.49994349003567423,-0.007517098572568934,-0.49994349003567423,0.007517098572568934,1.1444510185900614,0.5647523380747653,-0.8589014817743452,0.46059047390433827,1.1727887619330908,0.02627171927767817,-1.1232876812389883,0.06329927236044526,0.34449604540362916,1.3885425697452856,-0.3336208472424733,1.3731631943639147
stop,-0.0293947117469285,-0.5062049828457211,0.49995408930913804,-0.006775587286015976,-0.49995408930913804,0.006775587286015976,1.134997417068693,0.5564627481492168,-0.8623420234852651,0.4549620989332013,1.1708564604962193,0.02822205250713607,-1.1233604000955597,0.062069785724945446,0.34089194286304836,1.383810983753447,-0.33379176074718747,1.3689682894315587
stop,-0.03383319185655575,-0.5142504682639024,0.4999445116262501,-0.007448845198437906,-0.4999445116262501,0.007448845198437906,1.117594024266163,0.5564242885976621,-0.938374109727373,0.433685918268408,1.1855067630901919,0.030860930142054592,-1.1342027821284364,0.058480449261572254,0.2797931186991056,1.361694827184688,-0.3467543849830656,1.3651524338651306
stop,-0.03305419441579616,-0.5136695834479347,0.4999369534800077,-0.007939933572054173,-0.4999369534800077,0.007939933572054173,1.1168359718389629,0.5577971833251675,-0.9478056235705475,0.44637269786757255,1.1854400770925186,0.0291684163369862,-1.1400413180460054,0.05873533609858659,0.2746980182709086,1.3586236574583683,-0.34947850410447406,1.3572461969090697
stop,-0.03575898433224628,-0.5104369930789375,0.4998529076778506,-0.012127270344069333,-0.4998529076778506,0.012127270344069333,1.1140792475279102,0.5411258346138147,-0.9585347306678123,0.4520785434872104,1.1827932340601277,0.02435145141570626,-1.1479005041112582,0.062031580465445144,0.2756007115521069,1.3373780886704143,-0.34985484865056693,1.3417014024254494
stop,-0.025201697825459078,-0.5100993635287064,0.49982327795669496,-0.013292509643571426,-0.49982327795669496,0.013292509643571426,1.0283364039161529,0.46186268079560505,-0.9612640123073123,0.4593198974321258,1.1683978189151114,0.03038799390869152,-1.1536491265542619,0.0651702873706466,0.3269779144114376,1.344483157628107,-0.3377155148767302,1.3434414224966644
stop,-0.0016112257284750819,-0.5088725042663778,0.49984946680187337,-0.012268273630908402,-0.49984946680187337,0.012268273630908402,1.0275903112716982,0.4552641994866213,-0.921577674692691,0.4656162120386095,1.1616290765454362,0.02756638708177556,-1.1518051225048473,0.08615391674978508,0.3509057998278149,1.3626494573641124,-0.32951812706903033,1.358471622403751
stop,-0.004065786178170359,-0.5048973905030274,0.4998883894102048,-0.01056400174514421,-0.4998883894102048,0.01056400174514421,1.0776168084129254,0.5321861187854908,-0.9355444366161381,0.46178395347438994,1.1558743960687818,0.02695184158912674,-1.1493385525854656,0.07667181552903755,0.35473689782349555,1.3571830967284553,-0.3297612451504108,1.3514678502208866
stop,-0.01744766607605228,-0.5061729062589211,0.49985910407690726,-0.011869122605804971,-0.49985910407690726,0.011869122605804971,1.0322615856105741,0.5182613364430665,-0.9457722421906233,0.4651289135884908,1.156128006374436,0.028378944256823434,-1.1509136244334905,0.07309222595325135,0.35536320024912127,1.3564269569070724,-0.32979964372011655,1.3500358982248584
stop,-0.02079369810507311,-0.508100331742061,0.49983667184463937,-0.012778946720065826,-0.49983667184463937,0.012778946720065826,1.083621313338468,0.5522505664920306,-0.9172773619246084,0.46624774090990745,1.1549267721447378,0.028551006124394266,-1.150027660475268,0.06868510530919386,0.3654083700854577,1.3627719293987617,-0.3260354612140417,1.3588479511884604
stop,-0.029315710725812134,-0.5028117973070414,0.4998813429891184,-0.010892333606505183,-0.4998813429891184,0.010892333606505183,1.0927712100747373,0.5567676257647642,-0.9074585763584838,0.4539323730519217,1.1419067388584976,0.05001357975284658,-1.1435759832650412,0.07196277446968381,0.35515228593029724,1.35065648573188,-0.32857260316497267,1.346637866093995
stop,-0.038617360307609754,-0.49990477398242883,0.49999300411213576,-0.002644964824300697,-0.49999300411213576,0.002644964824300697,1.0956907392870645,0.5700748274985391,-1.0663141548663577,0.39143548089010594,1.1246990974874882,0.08923897709580036,-1.1863247121410825,0.08898506791868444,0.339668842507703,1.3344527685705436,-0.34816152121090554,1.3178972945412302
stop,-0.040541309109806134,-0.5013932053816251,0.4999895324973951,-0.0032353350732608256,-0.4999895324973951,0.0032353350732608256,1.0860325001447035,0.46115924044779216,-1.0456710196893502,0.5732657625854091,1.1224066939608393,0.12003460403692745,-1.2128334594993833,0.20853419859659278,0.2841217527634807,1.3111949707015789,-0.3498226258798915,1.3058759849987245
stop,-0.039770776011053804,-0.5009296626599886,0.49999682421037117,-0.0017820716997914725,-0.49999682421037117,0.0017820716997914725,1.0463633751309345,0.5307621590723749,-1.0986309728872026,0.4036812233090907,1.1522608299322235,0.2622609090201188,-1.2096578103565052,0.2658848095109362,0.2611941463274108,1.311671358847254,-0.3524133512598222,1.2809478498186777
stop,-0.03481804167885997,-0.5087096521549562,0.49995128586416815,-0.006979381259454244,-0.49995128586416815,0.006979381259454244,0.885760039643632,0.40053790323970967,-1.0344943648389084,0.3756302906504429,1.0492181179300906,0.4122017263876654,-1.2377315216053557,0.5006691646789536,0.28147728427628294,1.2951674711422507,-0.3524928542343185,1.3032691408285444
stop,-0.02480965353436752,-0.49743005395178225,0.4998630410958173,-0.011702142814085301,-0.4998630410958173,0.011702142814085301,0.8580628827456785,0.39304666481546713,-0.8190615614638609,0.7334778473880483,0.7164217020736603,0.7600094870020659,-0.798548801762577,1.0178082412082612,0.3467187985630622,1.293945095373082,-0.29490390517881937,1.3269872146096242
stop,-0.008732902226965206,-0.49315102019621415,0.4997788496278428,-0.0148694809818669,-0.4997788496278428,0.0148694809818669,0.90145920541545,0.4225888976730376,-0.8014279249332531,0.6842020675796747,0.8948639077839298,0.9137185315094742,-0.8190518406935509,1.0389279296879967,0.3674146932676635,1.3177094482907192,-0.28558012752169043,1.3514199930038064
stop,-0.010001473068178,-0.49378168491968083,0.4997749945461229,-0.014998494138506254,-0.4997749945461229,0.014998494138506254,0.8864803739043987,0.4341289978709254,-0.8393125336929467,0.6833289177517068,0.9464726843311768,0.9378635104969302,-0.845061205855716,0.9234817666814352,0.37150576699978766,1.3273975962650535,-0.28221280951759625,1.3561192974246894
stop,-0.010394023431005346,-0.498280244096114,0.49965201059811787,-0.01865122798258305,-0.49965201059811787,0.01865122798258305,0.8815248601861776,0.4337580368809747,-0.7843851062742196,0.7823385027944254,0.8077029636798201,0.9400110558039472,-0.7337658191124228,1.031615857071416,0.37296789157535104,1.3292709859711591,-0.2838473485217904,1.3695125676180004
stop,-0.00752862962720773,-0.5035612334425449,0.499637017152442,-0.019048650634897846,-0.499637017152442,0.019048650634897846,0.9099580430997788,0.4382248447801312,-0.9208444524760707,0.515254993177442,1.018949596428732,0.9088519481790301,-1.021319833443091,0.6260324818005828,0.3776635904987147,1.342319949518877,-0.28515761441626625,1.3835988997028366
stop,-0.007500975643698969,-0.49069053894422593,0.49976111772953496,-0.015453970548888725,-0.49976111772953496,0.015453970548888725,0.8921821072493792,0.4467187608629411,-0.9772459460179944,0.43571386871554646,0.9855201740004363,0.9487172537144739,-1.161348363281062,0.6607319548110717,0.37815098137255093,1.351302468412913,-0.2844491053650017,1.3875350728663656
stop,-0.004264243864089112,-0.4990679567997778,0.49969927570061584,-0.017338796506100027,-0.49969927570061584,0.017338796506100027,0.8972873366331988,0.45103990681870926,-0.9819924207611294,0.47290951954162874,0.9061754880104803,0.9311617859137218,-1.0047463551106122,0.7855759305819584,0.3835902368087165,1.3597381004274272,-0.28632241941290715,1.3981720129151136
stop,-0.009105937775742833,-0.5046892043240551,0.49973952020561474,-0.016137284302570942,-0.49973952020561474,0.016137284302570942,0.9000107325449387,0.460082006158927,-0.8751668049315918,0.6456829715443962,0.9172239285375321,0.9665119328801529,-0.9270131026072799,0.6524430463689143,0.38863226931967876,1.3816474643240209,-0.2885430440992638,1.4208691689019053
